setting,corruption,batch_size,method,top1,delta_vs_clip,num_samples,note
severity5:brightness,brightness,1,CLIP,83.41000080108643,0.0,10000,corruption-wise evaluation; repeated per batch size for comparison
severity5:brightness,brightness,1,CLIP + CBC,86.71000003814697,3.299999237060547,10000,CBC computed within this corruption only
severity5:brightness,brightness,2,CLIP,83.41000080108643,0.0,10000,corruption-wise evaluation; repeated per batch size for comparison
severity5:brightness,brightness,2,CLIP + CBC,75.73999762535095,-7.670003175735474,10000,CBC computed within this corruption only
severity5:brightness,brightness,4,CLIP,83.41000080108643,0.0,10000,corruption-wise evaluation; repeated per batch size for comparison
severity5:brightness,brightness,4,CLIP + CBC,82.53999948501587,-0.8700013160705566,10000,CBC computed within this corruption only
severity5:brightness,brightness,8,CLIP,83.41000080108643,0.0,10000,corruption-wise evaluation; repeated per batch size for comparison
severity5:brightness,brightness,8,CLIP + CBC,84.79999899864197,1.389998197555542,10000,CBC computed within this corruption only
severity5:brightness,brightness,16,CLIP,83.41000080108643,0.0,10000,corruption-wise evaluation; repeated per batch size for comparison
severity5:brightness,brightness,16,CLIP + CBC,85.80999970436096,2.399998903274536,10000,CBC computed within this corruption only
severity5:brightness,brightness,32,CLIP,83.41000080108643,0.0,10000,corruption-wise evaluation; repeated per batch size for comparison
severity5:brightness,brightness,32,CLIP + CBC,86.2999975681305,2.8899967670440674,10000,CBC computed within this corruption only
severity5:brightness,brightness,64,CLIP,83.41000080108643,0.0,10000,corruption-wise evaluation; repeated per batch size for comparison
severity5:brightness,brightness,64,CLIP + CBC,86.73999905586243,3.329998254776001,10000,CBC computed within this corruption only
severity5:brightness,brightness,128,CLIP,83.41000080108643,0.0,10000,corruption-wise evaluation; repeated per batch size for comparison
severity5:brightness,brightness,128,CLIP + CBC,86.69999837875366,3.2899975776672363,10000,CBC computed within this corruption only
severity5:brightness,brightness,256,CLIP,83.41000080108643,0.0,10000,corruption-wise evaluation; repeated per batch size for comparison
severity5:brightness,brightness,256,CLIP + CBC,86.73999905586243,3.329998254776001,10000,CBC computed within this corruption only
severity5:brightness,brightness,512,CLIP,83.41000080108643,0.0,10000,corruption-wise evaluation; repeated per batch size for comparison
severity5:brightness,brightness,512,CLIP + CBC,86.71000003814697,3.299999237060547,10000,CBC computed within this corruption only
severity5:contrast,contrast,1,CLIP,61.94000244140625,0.0,10000,corruption-wise evaluation; repeated per batch size for comparison
severity5:contrast,contrast,1,CLIP + CBC,67.1500027179718,5.210000276565552,10000,CBC computed within this corruption only
severity5:contrast,contrast,2,CLIP,61.94000244140625,0.0,10000,corruption-wise evaluation; repeated per batch size for comparison
severity5:contrast,contrast,2,CLIP + CBC,56.99999928474426,-4.940003156661987,10000,CBC computed within this corruption only
severity5:contrast,contrast,4,CLIP,61.94000244140625,0.0,10000,corruption-wise evaluation; repeated per batch size for comparison
severity5:contrast,contrast,4,CLIP + CBC,62.300002574920654,0.3600001335144043,10000,CBC computed within this corruption only
severity5:contrast,contrast,8,CLIP,61.94000244140625,0.0,10000,corruption-wise evaluation; repeated per batch size for comparison
severity5:contrast,contrast,8,CLIP + CBC,64.32999968528748,2.3899972438812256,10000,CBC computed within this corruption only
severity5:contrast,contrast,16,CLIP,61.94000244140625,0.0,10000,corruption-wise evaluation; repeated per batch size for comparison
severity5:contrast,contrast,16,CLIP + CBC,65.57999849319458,3.63999605178833,10000,CBC computed within this corruption only
severity5:contrast,contrast,32,CLIP,61.94000244140625,0.0,10000,corruption-wise evaluation; repeated per batch size for comparison
severity5:contrast,contrast,32,CLIP + CBC,66.32000207901001,4.37999963760376,10000,CBC computed within this corruption only
severity5:contrast,contrast,64,CLIP,61.94000244140625,0.0,10000,corruption-wise evaluation; repeated per batch size for comparison
severity5:contrast,contrast,64,CLIP + CBC,66.82999730110168,4.889994859695435,10000,CBC computed within this corruption only
severity5:contrast,contrast,128,CLIP,61.94000244140625,0.0,10000,corruption-wise evaluation; repeated per batch size for comparison
severity5:contrast,contrast,128,CLIP + CBC,66.92000031471252,4.979997873306274,10000,CBC computed within this corruption only
severity5:contrast,contrast,256,CLIP,61.94000244140625,0.0,10000,corruption-wise evaluation; repeated per batch size for comparison
severity5:contrast,contrast,256,CLIP + CBC,66.86999797821045,4.929995536804199,10000,CBC computed within this corruption only
severity5:contrast,contrast,512,CLIP,61.94000244140625,0.0,10000,corruption-wise evaluation; repeated per batch size for comparison
severity5:contrast,contrast,512,CLIP + CBC,66.87999963760376,4.93999719619751,10000,CBC computed within this corruption only
severity5:defocus_blur,defocus_blur,1,CLIP,70.05000114440918,0.0,10000,corruption-wise evaluation; repeated per batch size for comparison
severity5:defocus_blur,defocus_blur,1,CLIP + CBC,74.94999766349792,4.899996519088745,10000,CBC computed within this corruption only
severity5:defocus_blur,defocus_blur,2,CLIP,70.05000114440918,0.0,10000,corruption-wise evaluation; repeated per batch size for comparison
severity5:defocus_blur,defocus_blur,2,CLIP + CBC,63.840001821517944,-6.209999322891235,10000,CBC computed within this corruption only
severity5:defocus_blur,defocus_blur,4,CLIP,70.05000114440918,0.0,10000,corruption-wise evaluation; repeated per batch size for comparison
severity5:defocus_blur,defocus_blur,4,CLIP + CBC,70.02999782562256,-0.020003318786621094,10000,CBC computed within this corruption only
severity5:defocus_blur,defocus_blur,8,CLIP,70.05000114440918,0.0,10000,corruption-wise evaluation; repeated per batch size for comparison
severity5:defocus_blur,defocus_blur,8,CLIP + CBC,71.86999917030334,1.819998025894165,10000,CBC computed within this corruption only
severity5:defocus_blur,defocus_blur,16,CLIP,70.05000114440918,0.0,10000,corruption-wise evaluation; repeated per batch size for comparison
severity5:defocus_blur,defocus_blur,16,CLIP + CBC,73.37999939918518,3.329998254776001,10000,CBC computed within this corruption only
severity5:defocus_blur,defocus_blur,32,CLIP,70.05000114440918,0.0,10000,corruption-wise evaluation; repeated per batch size for comparison
severity5:defocus_blur,defocus_blur,32,CLIP + CBC,74.16999936103821,4.119998216629028,10000,CBC computed within this corruption only
severity5:defocus_blur,defocus_blur,64,CLIP,70.05000114440918,0.0,10000,corruption-wise evaluation; repeated per batch size for comparison
severity5:defocus_blur,defocus_blur,64,CLIP + CBC,74.51000213623047,4.460000991821289,10000,CBC computed within this corruption only
severity5:defocus_blur,defocus_blur,128,CLIP,70.05000114440918,0.0,10000,corruption-wise evaluation; repeated per batch size for comparison
severity5:defocus_blur,defocus_blur,128,CLIP + CBC,74.66999888420105,4.61999773979187,10000,CBC computed within this corruption only
severity5:defocus_blur,defocus_blur,256,CLIP,70.05000114440918,0.0,10000,corruption-wise evaluation; repeated per batch size for comparison
severity5:defocus_blur,defocus_blur,256,CLIP + CBC,74.8199999332428,4.769998788833618,10000,CBC computed within this corruption only
severity5:defocus_blur,defocus_blur,512,CLIP,70.05000114440918,0.0,10000,corruption-wise evaluation; repeated per batch size for comparison
severity5:defocus_blur,defocus_blur,512,CLIP + CBC,74.98000264167786,4.930001497268677,10000,CBC computed within this corruption only
severity5:elastic_transform,elastic_transform,1,CLIP,53.15999984741211,0.0,10000,corruption-wise evaluation; repeated per batch size for comparison
severity5:elastic_transform,elastic_transform,1,CLIP + CBC,60.87999939918518,7.719999551773071,10000,CBC computed within this corruption only
severity5:elastic_transform,elastic_transform,2,CLIP,53.15999984741211,0.0,10000,corruption-wise evaluation; repeated per batch size for comparison
severity5:elastic_transform,elastic_transform,2,CLIP + CBC,50.690001249313354,-2.469998598098755,10000,CBC computed within this corruption only
severity5:elastic_transform,elastic_transform,4,CLIP,53.15999984741211,0.0,10000,corruption-wise evaluation; repeated per batch size for comparison
severity5:elastic_transform,elastic_transform,4,CLIP + CBC,56.15000128746033,2.9900014400482178,10000,CBC computed within this corruption only
severity5:elastic_transform,elastic_transform,8,CLIP,53.15999984741211,0.0,10000,corruption-wise evaluation; repeated per batch size for comparison
severity5:elastic_transform,elastic_transform,8,CLIP + CBC,58.37000012397766,5.210000276565552,10000,CBC computed within this corruption only
severity5:elastic_transform,elastic_transform,16,CLIP,53.15999984741211,0.0,10000,corruption-wise evaluation; repeated per batch size for comparison
severity5:elastic_transform,elastic_transform,16,CLIP + CBC,59.52000021934509,6.360000371932983,10000,CBC computed within this corruption only
severity5:elastic_transform,elastic_transform,32,CLIP,53.15999984741211,0.0,10000,corruption-wise evaluation; repeated per batch size for comparison
severity5:elastic_transform,elastic_transform,32,CLIP + CBC,60.21999716758728,7.059997320175171,10000,CBC computed within this corruption only
severity5:elastic_transform,elastic_transform,64,CLIP,53.15999984741211,0.0,10000,corruption-wise evaluation; repeated per batch size for comparison
severity5:elastic_transform,elastic_transform,64,CLIP + CBC,60.43999791145325,7.279998064041138,10000,CBC computed within this corruption only
severity5:elastic_transform,elastic_transform,128,CLIP,53.15999984741211,0.0,10000,corruption-wise evaluation; repeated per batch size for comparison
severity5:elastic_transform,elastic_transform,128,CLIP + CBC,60.9000027179718,7.740002870559692,10000,CBC computed within this corruption only
severity5:elastic_transform,elastic_transform,256,CLIP,53.15999984741211,0.0,10000,corruption-wise evaluation; repeated per batch size for comparison
severity5:elastic_transform,elastic_transform,256,CLIP + CBC,60.829997062683105,7.669997215270996,10000,CBC computed within this corruption only
severity5:elastic_transform,elastic_transform,512,CLIP,53.15999984741211,0.0,10000,corruption-wise evaluation; repeated per batch size for comparison
severity5:elastic_transform,elastic_transform,512,CLIP + CBC,60.920000076293945,7.760000228881836,10000,CBC computed within this corruption only
severity5:fog,fog,1,CLIP,68.43000054359436,0.0,10000,corruption-wise evaluation; repeated per batch size for comparison
severity5:fog,fog,1,CLIP + CBC,73.01999926567078,4.589998722076416,10000,CBC computed within this corruption only
severity5:fog,fog,2,CLIP,68.43000054359436,0.0,10000,corruption-wise evaluation; repeated per batch size for comparison
severity5:fog,fog,2,CLIP + CBC,62.81999945640564,-5.610001087188721,10000,CBC computed within this corruption only
severity5:fog,fog,4,CLIP,68.43000054359436,0.0,10000,corruption-wise evaluation; repeated per batch size for comparison
severity5:fog,fog,4,CLIP + CBC,68.59999895095825,0.1699984073638916,10000,CBC computed within this corruption only
severity5:fog,fog,8,CLIP,68.43000054359436,0.0,10000,corruption-wise evaluation; repeated per batch size for comparison
severity5:fog,fog,8,CLIP + CBC,70.78999876976013,2.3599982261657715,10000,CBC computed within this corruption only
severity5:fog,fog,16,CLIP,68.43000054359436,0.0,10000,corruption-wise evaluation; repeated per batch size for comparison
severity5:fog,fog,16,CLIP + CBC,72.25000262260437,3.8200020790100098,10000,CBC computed within this corruption only
severity5:fog,fog,32,CLIP,68.43000054359436,0.0,10000,corruption-wise evaluation; repeated per batch size for comparison
severity5:fog,fog,32,CLIP + CBC,72.76999950408936,4.339998960494995,10000,CBC computed within this corruption only
severity5:fog,fog,64,CLIP,68.43000054359436,0.0,10000,corruption-wise evaluation; repeated per batch size for comparison
severity5:fog,fog,64,CLIP + CBC,72.9200005531311,4.490000009536743,10000,CBC computed within this corruption only
severity5:fog,fog,128,CLIP,68.43000054359436,0.0,10000,corruption-wise evaluation; repeated per batch size for comparison
severity5:fog,fog,128,CLIP + CBC,73.01999926567078,4.589998722076416,10000,CBC computed within this corruption only
severity5:fog,fog,256,CLIP,68.43000054359436,0.0,10000,corruption-wise evaluation; repeated per batch size for comparison
severity5:fog,fog,256,CLIP + CBC,73.00000190734863,4.5700013637542725,10000,CBC computed within this corruption only
severity5:fog,fog,512,CLIP,68.43000054359436,0.0,10000,corruption-wise evaluation; repeated per batch size for comparison
severity5:fog,fog,512,CLIP + CBC,73.00000190734863,4.5700013637542725,10000,CBC computed within this corruption only
severity5:frost,frost,1,CLIP,76.62000060081482,0.0,10000,corruption-wise evaluation; repeated per batch size for comparison
severity5:frost,frost,1,CLIP + CBC,79.53000068664551,2.9100000858306885,10000,CBC computed within this corruption only
severity5:frost,frost,2,CLIP,76.62000060081482,0.0,10000,corruption-wise evaluation; repeated per batch size for comparison
severity5:frost,frost,2,CLIP + CBC,68.98000240325928,-7.639998197555542,10000,CBC computed within this corruption only
severity5:frost,frost,4,CLIP,76.62000060081482,0.0,10000,corruption-wise evaluation; repeated per batch size for comparison
severity5:frost,frost,4,CLIP + CBC,75.23000240325928,-1.389998197555542,10000,CBC computed within this corruption only
severity5:frost,frost,8,CLIP,76.62000060081482,0.0,10000,corruption-wise evaluation; repeated per batch size for comparison
severity5:frost,frost,8,CLIP + CBC,77.00999975204468,0.3899991512298584,10000,CBC computed within this corruption only
severity5:frost,frost,16,CLIP,76.62000060081482,0.0,10000,corruption-wise evaluation; repeated per batch size for comparison
severity5:frost,frost,16,CLIP + CBC,78.4500002861023,1.8299996852874756,10000,CBC computed within this corruption only
severity5:frost,frost,32,CLIP,76.62000060081482,0.0,10000,corruption-wise evaluation; repeated per batch size for comparison
severity5:frost,frost,32,CLIP + CBC,78.8100004196167,2.18999981880188,10000,CBC computed within this corruption only
severity5:frost,frost,64,CLIP,76.62000060081482,0.0,10000,corruption-wise evaluation; repeated per batch size for comparison
severity5:frost,frost,64,CLIP + CBC,79.21000123023987,2.590000629425049,10000,CBC computed within this corruption only
severity5:frost,frost,128,CLIP,76.62000060081482,0.0,10000,corruption-wise evaluation; repeated per batch size for comparison
severity5:frost,frost,128,CLIP + CBC,79.2900025844574,2.670001983642578,10000,CBC computed within this corruption only
severity5:frost,frost,256,CLIP,76.62000060081482,0.0,10000,corruption-wise evaluation; repeated per batch size for comparison
severity5:frost,frost,256,CLIP + CBC,79.40999865531921,2.7899980545043945,10000,CBC computed within this corruption only
severity5:frost,frost,512,CLIP,76.62000060081482,0.0,10000,corruption-wise evaluation; repeated per batch size for comparison
severity5:frost,frost,512,CLIP + CBC,79.43999767303467,2.8199970722198486,10000,CBC computed within this corruption only
severity5:gaussian_noise,gaussian_noise,1,CLIP,37.83000111579895,0.0,10000,corruption-wise evaluation; repeated per batch size for comparison
severity5:gaussian_noise,gaussian_noise,1,CLIP + CBC,48.46000075340271,10.62999963760376,10000,CBC computed within this corruption only
severity5:gaussian_noise,gaussian_noise,2,CLIP,37.83000111579895,0.0,10000,corruption-wise evaluation; repeated per batch size for comparison
severity5:gaussian_noise,gaussian_noise,2,CLIP + CBC,41.10000133514404,3.2700002193450928,10000,CBC computed within this corruption only
severity5:gaussian_noise,gaussian_noise,4,CLIP,37.83000111579895,0.0,10000,corruption-wise evaluation; repeated per batch size for comparison
severity5:gaussian_noise,gaussian_noise,4,CLIP + CBC,44.269999861717224,6.439998745918274,10000,CBC computed within this corruption only
severity5:gaussian_noise,gaussian_noise,8,CLIP,37.83000111579895,0.0,10000,corruption-wise evaluation; repeated per batch size for comparison
severity5:gaussian_noise,gaussian_noise,8,CLIP + CBC,45.93000113964081,8.100000023841858,10000,CBC computed within this corruption only
severity5:gaussian_noise,gaussian_noise,16,CLIP,37.83000111579895,0.0,10000,corruption-wise evaluation; repeated per batch size for comparison
severity5:gaussian_noise,gaussian_noise,16,CLIP + CBC,47.290000319480896,9.459999203681946,10000,CBC computed within this corruption only
severity5:gaussian_noise,gaussian_noise,32,CLIP,37.83000111579895,0.0,10000,corruption-wise evaluation; repeated per batch size for comparison
severity5:gaussian_noise,gaussian_noise,32,CLIP + CBC,47.81999886035919,9.989997744560242,10000,CBC computed within this corruption only
severity5:gaussian_noise,gaussian_noise,64,CLIP,37.83000111579895,0.0,10000,corruption-wise evaluation; repeated per batch size for comparison
severity5:gaussian_noise,gaussian_noise,64,CLIP + CBC,48.4499990940094,10.61999797821045,10000,CBC computed within this corruption only
severity5:gaussian_noise,gaussian_noise,128,CLIP,37.83000111579895,0.0,10000,corruption-wise evaluation; repeated per batch size for comparison
severity5:gaussian_noise,gaussian_noise,128,CLIP + CBC,48.39999973773956,10.569998621940613,10000,CBC computed within this corruption only
severity5:gaussian_noise,gaussian_noise,256,CLIP,37.83000111579895,0.0,10000,corruption-wise evaluation; repeated per batch size for comparison
severity5:gaussian_noise,gaussian_noise,256,CLIP + CBC,48.44000041484833,10.609999299049377,10000,CBC computed within this corruption only
severity5:gaussian_noise,gaussian_noise,512,CLIP,37.83000111579895,0.0,10000,corruption-wise evaluation; repeated per batch size for comparison
severity5:gaussian_noise,gaussian_noise,512,CLIP + CBC,48.55000078678131,10.71999967098236,10000,CBC computed within this corruption only
severity5:glass_blur,glass_blur,1,CLIP,42.1999990940094,0.0,10000,corruption-wise evaluation; repeated per batch size for comparison
severity5:glass_blur,glass_blur,1,CLIP + CBC,48.019999265670776,5.820000171661377,10000,CBC computed within this corruption only
severity5:glass_blur,glass_blur,2,CLIP,42.1999990940094,0.0,10000,corruption-wise evaluation; repeated per batch size for comparison
severity5:glass_blur,glass_blur,2,CLIP + CBC,39.68999981880188,-2.5099992752075195,10000,CBC computed within this corruption only
severity5:glass_blur,glass_blur,4,CLIP,42.1999990940094,0.0,10000,corruption-wise evaluation; repeated per batch size for comparison
severity5:glass_blur,glass_blur,4,CLIP + CBC,43.959999084472656,1.7599999904632568,10000,CBC computed within this corruption only
severity5:glass_blur,glass_blur,8,CLIP,42.1999990940094,0.0,10000,corruption-wise evaluation; repeated per batch size for comparison
severity5:glass_blur,glass_blur,8,CLIP + CBC,46.059998869895935,3.8599997758865356,10000,CBC computed within this corruption only
severity5:glass_blur,glass_blur,16,CLIP,42.1999990940094,0.0,10000,corruption-wise evaluation; repeated per batch size for comparison
severity5:glass_blur,glass_blur,16,CLIP + CBC,47.49999940395355,5.300000309944153,10000,CBC computed within this corruption only
severity5:glass_blur,glass_blur,32,CLIP,42.1999990940094,0.0,10000,corruption-wise evaluation; repeated per batch size for comparison
severity5:glass_blur,glass_blur,32,CLIP + CBC,47.999998927116394,5.799999833106995,10000,CBC computed within this corruption only
severity5:glass_blur,glass_blur,64,CLIP,42.1999990940094,0.0,10000,corruption-wise evaluation; repeated per batch size for comparison
severity5:glass_blur,glass_blur,64,CLIP + CBC,48.30999970436096,6.1100006103515625,10000,CBC computed within this corruption only
severity5:glass_blur,glass_blur,128,CLIP,42.1999990940094,0.0,10000,corruption-wise evaluation; repeated per batch size for comparison
severity5:glass_blur,glass_blur,128,CLIP + CBC,48.05000126361847,5.85000216960907,10000,CBC computed within this corruption only
severity5:glass_blur,glass_blur,256,CLIP,42.1999990940094,0.0,10000,corruption-wise evaluation; repeated per batch size for comparison
severity5:glass_blur,glass_blur,256,CLIP + CBC,47.94999957084656,5.750000476837158,10000,CBC computed within this corruption only
severity5:glass_blur,glass_blur,512,CLIP,42.1999990940094,0.0,10000,corruption-wise evaluation; repeated per batch size for comparison
severity5:glass_blur,glass_blur,512,CLIP + CBC,48.100000619888306,5.900001525878906,10000,CBC computed within this corruption only
severity5:impulse_noise,impulse_noise,1,CLIP,51.71999931335449,0.0,10000,corruption-wise evaluation; repeated per batch size for comparison
severity5:impulse_noise,impulse_noise,1,CLIP + CBC,62.97000050544739,11.250001192092896,10000,CBC computed within this corruption only
severity5:impulse_noise,impulse_noise,2,CLIP,51.71999931335449,0.0,10000,corruption-wise evaluation; repeated per batch size for comparison
severity5:impulse_noise,impulse_noise,2,CLIP + CBC,53.64999771118164,1.9299983978271484,10000,CBC computed within this corruption only
severity5:impulse_noise,impulse_noise,4,CLIP,51.71999931335449,0.0,10000,corruption-wise evaluation; repeated per batch size for comparison
severity5:impulse_noise,impulse_noise,4,CLIP + CBC,58.59000086784363,6.870001554489136,10000,CBC computed within this corruption only
severity5:impulse_noise,impulse_noise,8,CLIP,51.71999931335449,0.0,10000,corruption-wise evaluation; repeated per batch size for comparison
severity5:impulse_noise,impulse_noise,8,CLIP + CBC,60.19999980926514,8.480000495910645,10000,CBC computed within this corruption only
severity5:impulse_noise,impulse_noise,16,CLIP,51.71999931335449,0.0,10000,corruption-wise evaluation; repeated per batch size for comparison
severity5:impulse_noise,impulse_noise,16,CLIP + CBC,61.54000163078308,9.820002317428589,10000,CBC computed within this corruption only
severity5:impulse_noise,impulse_noise,32,CLIP,51.71999931335449,0.0,10000,corruption-wise evaluation; repeated per batch size for comparison
severity5:impulse_noise,impulse_noise,32,CLIP + CBC,62.0199978351593,10.29999852180481,10000,CBC computed within this corruption only
severity5:impulse_noise,impulse_noise,64,CLIP,51.71999931335449,0.0,10000,corruption-wise evaluation; repeated per batch size for comparison
severity5:impulse_noise,impulse_noise,64,CLIP + CBC,62.37000226974487,10.65000295639038,10000,CBC computed within this corruption only
severity5:impulse_noise,impulse_noise,128,CLIP,51.71999931335449,0.0,10000,corruption-wise evaluation; repeated per batch size for comparison
severity5:impulse_noise,impulse_noise,128,CLIP + CBC,62.62999773025513,10.909998416900635,10000,CBC computed within this corruption only
severity5:impulse_noise,impulse_noise,256,CLIP,51.71999931335449,0.0,10000,corruption-wise evaluation; repeated per batch size for comparison
severity5:impulse_noise,impulse_noise,256,CLIP + CBC,62.849998474121094,11.129999160766602,10000,CBC computed within this corruption only
severity5:impulse_noise,impulse_noise,512,CLIP,51.71999931335449,0.0,10000,corruption-wise evaluation; repeated per batch size for comparison
severity5:impulse_noise,impulse_noise,512,CLIP + CBC,62.87999749183655,11.159998178482056,10000,CBC computed within this corruption only
severity5:jpeg_compression,jpeg_compression,1,CLIP,56.129997968673706,0.0,10000,corruption-wise evaluation; repeated per batch size for comparison
severity5:jpeg_compression,jpeg_compression,1,CLIP + CBC,62.74999976158142,6.620001792907715,10000,CBC computed within this corruption only
severity5:jpeg_compression,jpeg_compression,2,CLIP,56.129997968673706,0.0,10000,corruption-wise evaluation; repeated per batch size for comparison
severity5:jpeg_compression,jpeg_compression,2,CLIP + CBC,53.289997577667236,-2.8400003910064697,10000,CBC computed within this corruption only
severity5:jpeg_compression,jpeg_compression,4,CLIP,56.129997968673706,0.0,10000,corruption-wise evaluation; repeated per batch size for comparison
severity5:jpeg_compression,jpeg_compression,4,CLIP + CBC,58.06000232696533,1.930004358291626,10000,CBC computed within this corruption only
severity5:jpeg_compression,jpeg_compression,8,CLIP,56.129997968673706,0.0,10000,corruption-wise evaluation; repeated per batch size for comparison
severity5:jpeg_compression,jpeg_compression,8,CLIP + CBC,60.08999943733215,3.9600014686584473,10000,CBC computed within this corruption only
severity5:jpeg_compression,jpeg_compression,16,CLIP,56.129997968673706,0.0,10000,corruption-wise evaluation; repeated per batch size for comparison
severity5:jpeg_compression,jpeg_compression,16,CLIP + CBC,61.04000210762024,4.910004138946533,10000,CBC computed within this corruption only
severity5:jpeg_compression,jpeg_compression,32,CLIP,56.129997968673706,0.0,10000,corruption-wise evaluation; repeated per batch size for comparison
severity5:jpeg_compression,jpeg_compression,32,CLIP + CBC,62.12000250816345,5.990004539489746,10000,CBC computed within this corruption only
severity5:jpeg_compression,jpeg_compression,64,CLIP,56.129997968673706,0.0,10000,corruption-wise evaluation; repeated per batch size for comparison
severity5:jpeg_compression,jpeg_compression,64,CLIP + CBC,62.459999322891235,6.330001354217529,10000,CBC computed within this corruption only
severity5:jpeg_compression,jpeg_compression,128,CLIP,56.129997968673706,0.0,10000,corruption-wise evaluation; repeated per batch size for comparison
severity5:jpeg_compression,jpeg_compression,128,CLIP + CBC,62.44000196456909,6.310003995895386,10000,CBC computed within this corruption only
severity5:jpeg_compression,jpeg_compression,256,CLIP,56.129997968673706,0.0,10000,corruption-wise evaluation; repeated per batch size for comparison
severity5:jpeg_compression,jpeg_compression,256,CLIP + CBC,62.5,6.370002031326294,10000,CBC computed within this corruption only
severity5:jpeg_compression,jpeg_compression,512,CLIP,56.129997968673706,0.0,10000,corruption-wise evaluation; repeated per batch size for comparison
severity5:jpeg_compression,jpeg_compression,512,CLIP + CBC,62.62999773025513,6.499999761581421,10000,CBC computed within this corruption only
severity5:motion_blur,motion_blur,1,CLIP,65.88000059127808,0.0,10000,corruption-wise evaluation; repeated per batch size for comparison
severity5:motion_blur,motion_blur,1,CLIP + CBC,72.82000184059143,6.9400012493133545,10000,CBC computed within this corruption only
severity5:motion_blur,motion_blur,2,CLIP,65.88000059127808,0.0,10000,corruption-wise evaluation; repeated per batch size for comparison
severity5:motion_blur,motion_blur,2,CLIP + CBC,62.44000196456909,-3.4399986267089844,10000,CBC computed within this corruption only
severity5:motion_blur,motion_blur,4,CLIP,65.88000059127808,0.0,10000,corruption-wise evaluation; repeated per batch size for comparison
severity5:motion_blur,motion_blur,4,CLIP + CBC,68.22999715805054,2.349996566772461,10000,CBC computed within this corruption only
severity5:motion_blur,motion_blur,8,CLIP,65.88000059127808,0.0,10000,corruption-wise evaluation; repeated per batch size for comparison
severity5:motion_blur,motion_blur,8,CLIP + CBC,70.41000127792358,4.530000686645508,10000,CBC computed within this corruption only
severity5:motion_blur,motion_blur,16,CLIP,65.88000059127808,0.0,10000,corruption-wise evaluation; repeated per batch size for comparison
severity5:motion_blur,motion_blur,16,CLIP + CBC,71.66000008583069,5.779999494552612,10000,CBC computed within this corruption only
severity5:motion_blur,motion_blur,32,CLIP,65.88000059127808,0.0,10000,corruption-wise evaluation; repeated per batch size for comparison
severity5:motion_blur,motion_blur,32,CLIP + CBC,72.36999869346619,6.48999810218811,10000,CBC computed within this corruption only
severity5:motion_blur,motion_blur,64,CLIP,65.88000059127808,0.0,10000,corruption-wise evaluation; repeated per batch size for comparison
severity5:motion_blur,motion_blur,64,CLIP + CBC,72.42000102996826,6.5400004386901855,10000,CBC computed within this corruption only
severity5:motion_blur,motion_blur,128,CLIP,65.88000059127808,0.0,10000,corruption-wise evaluation; repeated per batch size for comparison
severity5:motion_blur,motion_blur,128,CLIP + CBC,72.61999845504761,6.739997863769531,10000,CBC computed within this corruption only
severity5:motion_blur,motion_blur,256,CLIP,65.88000059127808,0.0,10000,corruption-wise evaluation; repeated per batch size for comparison
severity5:motion_blur,motion_blur,256,CLIP + CBC,72.78000116348267,6.90000057220459,10000,CBC computed within this corruption only
severity5:motion_blur,motion_blur,512,CLIP,65.88000059127808,0.0,10000,corruption-wise evaluation; repeated per batch size for comparison
severity5:motion_blur,motion_blur,512,CLIP + CBC,72.68999814987183,6.80999755859375,10000,CBC computed within this corruption only
severity5:pixelate,pixelate,1,CLIP,48.44000041484833,0.0,10000,corruption-wise evaluation; repeated per batch size for comparison
severity5:pixelate,pixelate,1,CLIP + CBC,57.34000205993652,8.900001645088196,10000,CBC computed within this corruption only
severity5:pixelate,pixelate,2,CLIP,48.44000041484833,0.0,10000,corruption-wise evaluation; repeated per batch size for comparison
severity5:pixelate,pixelate,2,CLIP + CBC,47.29999899864197,-1.1400014162063599,10000,CBC computed within this corruption only
severity5:pixelate,pixelate,4,CLIP,48.44000041484833,0.0,10000,corruption-wise evaluation; repeated per batch size for comparison
severity5:pixelate,pixelate,4,CLIP + CBC,51.70000195503235,3.260001540184021,10000,CBC computed within this corruption only
severity5:pixelate,pixelate,8,CLIP,48.44000041484833,0.0,10000,corruption-wise evaluation; repeated per batch size for comparison
severity5:pixelate,pixelate,8,CLIP + CBC,53.75000238418579,5.310001969337463,10000,CBC computed within this corruption only
severity5:pixelate,pixelate,16,CLIP,48.44000041484833,0.0,10000,corruption-wise evaluation; repeated per batch size for comparison
severity5:pixelate,pixelate,16,CLIP + CBC,55.43000102043152,6.990000605583191,10000,CBC computed within this corruption only
severity5:pixelate,pixelate,32,CLIP,48.44000041484833,0.0,10000,corruption-wise evaluation; repeated per batch size for comparison
severity5:pixelate,pixelate,32,CLIP + CBC,56.18000030517578,7.739999890327454,10000,CBC computed within this corruption only
severity5:pixelate,pixelate,64,CLIP,48.44000041484833,0.0,10000,corruption-wise evaluation; repeated per batch size for comparison
severity5:pixelate,pixelate,64,CLIP + CBC,56.91999793052673,8.479997515678406,10000,CBC computed within this corruption only
severity5:pixelate,pixelate,128,CLIP,48.44000041484833,0.0,10000,corruption-wise evaluation; repeated per batch size for comparison
severity5:pixelate,pixelate,128,CLIP + CBC,57.33000040054321,8.889999985694885,10000,CBC computed within this corruption only
severity5:pixelate,pixelate,256,CLIP,48.44000041484833,0.0,10000,corruption-wise evaluation; repeated per batch size for comparison
severity5:pixelate,pixelate,256,CLIP + CBC,57.23999738693237,8.799996972084045,10000,CBC computed within this corruption only
severity5:pixelate,pixelate,512,CLIP,48.44000041484833,0.0,10000,corruption-wise evaluation; repeated per batch size for comparison
severity5:pixelate,pixelate,512,CLIP + CBC,57.40000009536743,8.959999680519104,10000,CBC computed within this corruption only
severity5:shot_noise,shot_noise,1,CLIP,41.190001368522644,0.0,10000,corruption-wise evaluation; repeated per batch size for comparison
severity5:shot_noise,shot_noise,1,CLIP + CBC,52.77000069618225,11.579999327659607,10000,CBC computed within this corruption only
severity5:shot_noise,shot_noise,2,CLIP,41.190001368522644,0.0,10000,corruption-wise evaluation; repeated per batch size for comparison
severity5:shot_noise,shot_noise,2,CLIP + CBC,44.769999384880066,3.579998016357422,10000,CBC computed within this corruption only
severity5:shot_noise,shot_noise,4,CLIP,41.190001368522644,0.0,10000,corruption-wise evaluation; repeated per batch size for comparison
severity5:shot_noise,shot_noise,4,CLIP + CBC,48.05000126361847,6.859999895095825,10000,CBC computed within this corruption only
severity5:shot_noise,shot_noise,8,CLIP,41.190001368522644,0.0,10000,corruption-wise evaluation; repeated per batch size for comparison
severity5:shot_noise,shot_noise,8,CLIP + CBC,49.880000948905945,8.6899995803833,10000,CBC computed within this corruption only
severity5:shot_noise,shot_noise,16,CLIP,41.190001368522644,0.0,10000,corruption-wise evaluation; repeated per batch size for comparison
severity5:shot_noise,shot_noise,16,CLIP + CBC,51.12000107765198,9.929999709129333,10000,CBC computed within this corruption only
severity5:shot_noise,shot_noise,32,CLIP,41.190001368522644,0.0,10000,corruption-wise evaluation; repeated per batch size for comparison
severity5:shot_noise,shot_noise,32,CLIP + CBC,52.00999975204468,10.819998383522034,10000,CBC computed within this corruption only
severity5:shot_noise,shot_noise,64,CLIP,41.190001368522644,0.0,10000,corruption-wise evaluation; repeated per batch size for comparison
severity5:shot_noise,shot_noise,64,CLIP + CBC,52.539998292922974,11.34999692440033,10000,CBC computed within this corruption only
severity5:shot_noise,shot_noise,128,CLIP,41.190001368522644,0.0,10000,corruption-wise evaluation; repeated per batch size for comparison
severity5:shot_noise,shot_noise,128,CLIP + CBC,52.82999873161316,11.639997363090515,10000,CBC computed within this corruption only
severity5:shot_noise,shot_noise,256,CLIP,41.190001368522644,0.0,10000,corruption-wise evaluation; repeated per batch size for comparison
severity5:shot_noise,shot_noise,256,CLIP + CBC,52.82999873161316,11.639997363090515,10000,CBC computed within this corruption only
severity5:shot_noise,shot_noise,512,CLIP,41.190001368522644,0.0,10000,corruption-wise evaluation; repeated per batch size for comparison
severity5:shot_noise,shot_noise,512,CLIP + CBC,52.85999774932861,11.66999638080597,10000,CBC computed within this corruption only
severity5:snow,snow,1,CLIP,73.30999970436096,0.0,10000,corruption-wise evaluation; repeated per batch size for comparison
severity5:snow,snow,1,CLIP + CBC,77.59000062942505,4.280000925064087,10000,CBC computed within this corruption only
severity5:snow,snow,2,CLIP,73.30999970436096,0.0,10000,corruption-wise evaluation; repeated per batch size for comparison
severity5:snow,snow,2,CLIP + CBC,67.0799970626831,-6.2300026416778564,10000,CBC computed within this corruption only
severity5:snow,snow,4,CLIP,73.30999970436096,0.0,10000,corruption-wise evaluation; repeated per batch size for comparison
severity5:snow,snow,4,CLIP + CBC,73.36000204086304,0.050002336502075195,10000,CBC computed within this corruption only
severity5:snow,snow,8,CLIP,73.30999970436096,0.0,10000,corruption-wise evaluation; repeated per batch size for comparison
severity5:snow,snow,8,CLIP + CBC,75.56999921798706,2.2599995136260986,10000,CBC computed within this corruption only
severity5:snow,snow,16,CLIP,73.30999970436096,0.0,10000,corruption-wise evaluation; repeated per batch size for comparison
severity5:snow,snow,16,CLIP + CBC,76.60999894142151,3.299999237060547,10000,CBC computed within this corruption only
severity5:snow,snow,32,CLIP,73.30999970436096,0.0,10000,corruption-wise evaluation; repeated per batch size for comparison
severity5:snow,snow,32,CLIP + CBC,77.28999853134155,3.979998826980591,10000,CBC computed within this corruption only
severity5:snow,snow,64,CLIP,73.30999970436096,0.0,10000,corruption-wise evaluation; repeated per batch size for comparison
severity5:snow,snow,64,CLIP + CBC,77.46999859809875,4.159998893737793,10000,CBC computed within this corruption only
severity5:snow,snow,128,CLIP,73.30999970436096,0.0,10000,corruption-wise evaluation; repeated per batch size for comparison
severity5:snow,snow,128,CLIP + CBC,77.71000266075134,4.400002956390381,10000,CBC computed within this corruption only
severity5:snow,snow,256,CLIP,73.30999970436096,0.0,10000,corruption-wise evaluation; repeated per batch size for comparison
severity5:snow,snow,256,CLIP + CBC,77.56999731063843,4.259997606277466,10000,CBC computed within this corruption only
severity5:snow,snow,512,CLIP,73.30999970436096,0.0,10000,corruption-wise evaluation; repeated per batch size for comparison
severity5:snow,snow,512,CLIP + CBC,77.54999995231628,4.240000247955322,10000,CBC computed within this corruption only
severity5:zoom_blur,zoom_blur,1,CLIP,72.54999876022339,0.0,10000,corruption-wise evaluation; repeated per batch size for comparison
severity5:zoom_blur,zoom_blur,1,CLIP + CBC,77.50999927520752,4.960000514984131,10000,CBC computed within this corruption only
severity5:zoom_blur,zoom_blur,2,CLIP,72.54999876022339,0.0,10000,corruption-wise evaluation; repeated per batch size for comparison
severity5:zoom_blur,zoom_blur,2,CLIP + CBC,66.94999933242798,-5.59999942779541,10000,CBC computed within this corruption only
severity5:zoom_blur,zoom_blur,4,CLIP,72.54999876022339,0.0,10000,corruption-wise evaluation; repeated per batch size for comparison
severity5:zoom_blur,zoom_blur,4,CLIP + CBC,72.82000184059143,0.270003080368042,10000,CBC computed within this corruption only
severity5:zoom_blur,zoom_blur,8,CLIP,72.54999876022339,0.0,10000,corruption-wise evaluation; repeated per batch size for comparison
severity5:zoom_blur,zoom_blur,8,CLIP + CBC,74.97000098228455,2.4200022220611572,10000,CBC computed within this corruption only
severity5:zoom_blur,zoom_blur,16,CLIP,72.54999876022339,0.0,10000,corruption-wise evaluation; repeated per batch size for comparison
severity5:zoom_blur,zoom_blur,16,CLIP + CBC,76.27000212669373,3.720003366470337,10000,CBC computed within this corruption only
severity5:zoom_blur,zoom_blur,32,CLIP,72.54999876022339,0.0,10000,corruption-wise evaluation; repeated per batch size for comparison
severity5:zoom_blur,zoom_blur,32,CLIP + CBC,76.78999900817871,4.240000247955322,10000,CBC computed within this corruption only
severity5:zoom_blur,zoom_blur,64,CLIP,72.54999876022339,0.0,10000,corruption-wise evaluation; repeated per batch size for comparison
severity5:zoom_blur,zoom_blur,64,CLIP + CBC,77.14999914169312,4.600000381469727,10000,CBC computed within this corruption only
severity5:zoom_blur,zoom_blur,128,CLIP,72.54999876022339,0.0,10000,corruption-wise evaluation; repeated per batch size for comparison
severity5:zoom_blur,zoom_blur,128,CLIP + CBC,77.36999988555908,4.820001125335693,10000,CBC computed within this corruption only
severity5:zoom_blur,zoom_blur,256,CLIP,72.54999876022339,0.0,10000,corruption-wise evaluation; repeated per batch size for comparison
severity5:zoom_blur,zoom_blur,256,CLIP + CBC,77.31000185012817,4.760003089904785,10000,CBC computed within this corruption only
severity5:zoom_blur,zoom_blur,512,CLIP,72.54999876022339,0.0,10000,corruption-wise evaluation; repeated per batch size for comparison
severity5:zoom_blur,zoom_blur,512,CLIP + CBC,77.42000222206116,4.8700034618377686,10000,CBC computed within this corruption only
