method,imbalance_pct,mean_top1,std_top1,mean_delta_vs_clip,num_conditions
CALIP,0.0,57.402667005856834,13.207586595059599,-2.787999908129374,150
CALIP,1.0,57.40457465251287,13.19331766234691,-2.7842585245768228,150
CALIP,2.0,57.39232858022054,13.20495656318228,-2.7854039072990417,150
CALIP,3.0,57.406988640626274,13.211566621921527,-2.7884206573168435,150
CALIP,4.0,57.39896271626154,13.211634250843401,-2.7831949392954507,150
CALIP,5.0,57.42415370543798,13.222642873150543,-2.7894586523373923,150
CALIP,6.0,57.4021141131719,13.21733272500716,-2.777871867020925,150
CALIP,7.0,57.4241193930308,13.210818776977117,-2.7836357752482095,150
CALIP,8.0,57.40179614226023,13.21409614687693,-2.778807282447815,150
CALIP,9.0,57.43605373303095,13.21874940896888,-2.7902793884277344,150
CALIP,10.0,57.42710653940836,13.212416367094058,-2.7905489603678384,150
CALIP,11.0,57.38305574655533,13.189240880437259,-2.782168169816335,150
CALIP,12.0,57.40007487932841,13.20422984469891,-2.7735424439112344,150
CALIP,13.0,57.36232537031174,13.220347832228532,-2.802868982156118,150
CALIP,14.0,57.446148137251534,13.213249964309542,-2.786880075931549,150
CALIP,15.0,57.3954526980718,13.210878462215794,-2.791676421960195,150
CALIP,16.0,57.319080690542854,13.23324371549809,-2.7923677563667297,150
CALIP,17.0,57.391971826553345,13.191307118873882,-2.799212654431661,150
CALIP,18.0,57.38933972517649,13.196179716686656,-2.7754175066947937,150
CALIP,19.0,57.337112744649254,13.225421181200877,-2.777241905530294,150
CALIP,20.0,57.383577485879265,13.203094240738565,-2.7719507813453674,150
CALIP,21.0,57.36728318532308,13.210687385919423,-2.782408515612284,150
CALIP,22.0,57.396176199118294,13.225854961768974,-2.775145431359609,150
CALIP,23.0,57.42446424563726,13.23302542601949,-2.793862799803416,150
CALIP,24.0,57.398809452851616,13.218727509437864,-2.7837584217389426,150
CALIP,25.0,57.4129031697909,13.222588413948449,-2.779440720876058,150
CALIP,26.0,57.401653587818146,13.233918871056359,-2.7840733329455056,150
CALIP,27.0,57.36803170045217,13.279436893501812,-2.7871422171592712,150
CALIP,28.0,57.41158664226532,13.29358494412119,-2.768627405166626,150
CALIP,29.0,57.37284600734711,13.244199043139458,-2.7939558625221252,150
CALIP,30.0,57.417808055877686,13.245737070018038,-2.77095897992452,150
CALIP,31.0,57.42367082834244,13.230584253142231,-2.7815993626912436,150
CALIP,32.0,57.42237830162048,13.235125592522193,-2.765074928601583,150
CALIP,33.0,57.43015646934509,13.205556243220027,-2.787956396738688,150
CALIP,34.0,57.45408262809118,13.294514192909462,-2.787992238998413,150
CALIP,35.0,57.44982957839966,13.268943528600452,-2.7787837386131287,150
CALIP,36.0,57.464102725187935,13.280704376235,-2.782050907611847,150
CALIP,37.0,57.426286935806274,13.29894192981237,-2.7978010972340903,150
CALIP,38.0,57.44275623559952,13.287962555138858,-2.7669702569643655,150
CALIP,39.0,57.40893679857254,13.309961307599517,-2.7763737440109253,150
CALIP,40.0,57.38510421911875,13.305448679577829,-2.7894789973894754,150
CALIP,41.0,57.375277400016785,13.269872696018037,-2.779714564482371,150
CALIP,42.0,57.44855308532715,13.326544338730317,-2.7886388699213662,150
CALIP,43.0,57.369548638661705,13.312156147968395,-2.7973899245262146,150
CALIP,44.0,57.45275938510895,13.337264808331733,-2.7832229336102805,150
CALIP,45.0,57.40179284413656,13.314886844680867,-2.7918206055959067,150
CALIP,46.0,57.43640504280726,13.370275047757698,-2.7898749113082886,150
CALIP,47.0,57.51276729504267,13.390420085154595,-2.774349808692932,150
CALIP,48.0,57.4816903869311,13.443414970661044,-2.7887322703997293,150
CALIP,49.0,57.43303535381953,13.378209704279932,-2.7791293263435364,150
CALIP,50.0,57.383515079816185,13.378742121870285,-2.7990304430325827,150
CALIP,51.0,57.48946386575699,13.430122679093653,-2.761183043320974,150
CALIP,52.0,57.36929835875829,13.471231621466798,-2.7711777289708457,150
CALIP,53.0,57.482982675234474,13.418957303001616,-2.805991272131602,150
CALIP,54.0,57.37885878483454,13.45714710324001,-2.797275940577189,150
CALIP,55.0,57.32937282323837,13.481247304980512,-2.8013200759887695,150
CALIP,56.0,57.368951777617134,13.517602178873423,-2.808333079020182,150
CALIP,57.0,57.401779651641846,13.50867751570251,-2.7867212096850076,150
CALIP,58.0,57.32357048988342,13.602922752066757,-2.7589956720670066,150
CALIP,59.0,57.4085288643837,13.596813701287696,-2.7656004627545676,150
CALIP,60.0,57.33594191074371,13.52289246061432,-2.813333531220754,150
CALIP,61.0,57.42719876766205,13.640678939586806,-2.771766642729441,150
CALIP,62.0,57.430618365605675,13.67182681765095,-2.769682983557383,150
CALIP,63.0,57.44526539246241,13.667501830173393,-2.790146509806315,150
CALIP,64.0,57.389622708161674,13.738694032453374,-2.7850628097852073,150
CALIP,65.0,57.44289149840673,13.784220184584026,-2.7563054164250693,150
CALIP,66.0,57.42397371927897,13.772874274477884,-2.7674879233042398,150
CALIP,67.0,57.63089829683304,13.861482228623652,-2.774643282095591,150
CALIP,68.0,57.48642601569494,13.868815956673215,-2.7865978678067527,150
CALIP,69.0,57.33210200071335,13.906428965116715,-2.7804748018582663,150
CALIP,70.0,57.46306304136912,13.9682212502582,-2.7929731210072837,150
CALIP,71.0,57.358079512914024,13.994435229866813,-2.8110803167025247,150
CALIP,72.0,57.42821975549062,14.117552105669521,-2.784659425417582,150
CALIP,73.0,57.36112709840139,14.26603535054093,-2.7957239747047424,150
CALIP,74.0,57.37485005458196,14.160946704088795,-2.7870262265205383,150
CALIP,75.0,57.46748727560043,14.310939525784363,-2.7677947680155435,150
CALIP,76.0,57.33037976423899,14.44976603377572,-2.7647679249445596,150
CALIP,77.0,57.58675350745519,14.502641658432816,-2.7745927373568215,150
CALIP,78.0,57.402461071809135,14.791144096080354,-2.7930647333463035,150
CALIP,79.0,57.42029998699824,14.73518732457113,-2.7552478114763894,150
CALIP,80.0,57.420952459176384,15.004197647881066,-2.800952215989431,150
CALIP,81.0,57.40713435411453,15.068244983127581,-2.74686332543691,150
CALIP,82.0,57.41526707013448,15.319628216522664,-2.7979642152786255,150
CALIP,83.0,57.466930170853935,15.66609554442398,-2.7855071226755777,150
CALIP,84.0,57.510928908983864,15.761767757985698,-2.7863387068112693,150
CALIP,85.0,57.31943260629972,15.894826062622341,-2.7665249407291412,150
CALIP,86.0,57.39528024196625,16.130042893990897,-2.7578169902165732,150
CALIP,87.0,57.57511497537295,16.38864880565198,-2.7972352107365928,150
CALIP,88.0,57.4791665772597,16.930185214714033,-2.833333353201548,150
CALIP,89.0,57.490787357091904,17.10328413610042,-2.8391959170500436,150
CALIP,90.0,57.39894738793373,17.523247481364397,-2.8301755785942078,150
CALIP,91.0,57.28213634093603,18.021617064839216,-2.7576426764329276,150
CALIP,92.0,57.54806199669838,18.618769611889853,-2.7732557455698648,150
CALIP,93.0,57.535378217697144,19.338882578080742,-2.84253599246343,150
CALIP,94.0,57.44761917988459,20.06297356867373,-2.790476014216741,150
CALIP,95.0,57.161839018265404,20.80814323158452,-2.8119540015856423,150
CALIP,96.0,57.47107853492101,21.568432927934854,-2.741666316986084,150
CALIP,97.0,57.40734894076983,22.853685732284248,-2.7679791847864785,150
CALIP,98.0,57.33446323374907,24.21382169740349,-2.815819263458252,150
CALIP,99.0,57.318042777478695,25.818475057437436,-2.8281345441937447,150
CALIP,100.0,57.402666655679546,27.76492496363767,-2.788000004986922,150
CLIP,0.0,60.190666913986206,13.650129938054032,0.0,150
CLIP,1.0,60.18883317708969,13.638795255683517,0.0,150
CLIP,2.0,60.177732487519584,13.645342355156703,0.0,150
CLIP,3.0,60.195409297943115,13.655494918734947,0.0,150
CLIP,4.0,60.182157655557,13.653466033102264,0.0,150
CLIP,5.0,60.21361235777537,13.655597291003842,0.0,150
CLIP,6.0,60.17998598019282,13.65580141067478,0.0,150
CLIP,7.0,60.207755168279014,13.657441790021279,0.0,150
CLIP,8.0,60.180603424708046,13.654861767939813,0.0,150
CLIP,9.0,60.22633312145869,13.661659817025003,0.0,150
CLIP,10.0,60.21765549977621,13.649836191855414,0.0,150
CLIP,11.0,60.165223916371666,13.62814877673736,0.0,150
CLIP,12.0,60.17361732323965,13.651866325532012,0.0,150
CLIP,13.0,60.16519435246786,13.657442119359382,0.0,150
CLIP,14.0,60.23302821318308,13.64850057978201,0.0,150
CLIP,15.0,60.18712912003199,13.650247234805967,0.0,150
CLIP,16.0,60.111448446909584,13.667966425931118,0.0,150
CLIP,17.0,60.19118448098501,13.640958327398256,0.0,150
CLIP,18.0,60.164757231871285,13.643448307111546,0.0,150
CLIP,19.0,60.11435465017954,13.667125444559524,0.0,150
CLIP,20.0,60.15552826722463,13.662604998058708,0.0,150
CLIP,21.0,60.149691700935364,13.666875169226106,0.0,150
CLIP,22.0,60.171321630477905,13.667168674188307,0.0,150
CLIP,23.0,60.218327045440674,13.677324797264918,0.0,150
CLIP,24.0,60.18256787459055,13.669406324658933,0.0,150
CLIP,25.0,60.19234389066696,13.65925549670068,0.0,150
CLIP,26.0,60.18572692076365,13.666844713171038,0.0,150
CLIP,27.0,60.15517391761144,13.735528117556267,0.0,150
CLIP,28.0,60.180214047431946,13.728506321723227,0.0,150
CLIP,29.0,60.16680186986923,13.69065781997189,0.0,150
CLIP,30.0,60.18876703580221,13.671139377219921,0.0,150
CLIP,31.0,60.205270191033684,13.682011661834707,0.0,150
CLIP,32.0,60.18745323022207,13.684001697581406,0.0,150
CLIP,33.0,60.21811286608378,13.659958142029454,0.0,150
CLIP,34.0,60.24207486708959,13.708387473723105,0.0,150
CLIP,35.0,60.22861331701279,13.679165240936175,0.0,150
CLIP,36.0,60.24615363279978,13.693109547002951,0.0,150
CLIP,37.0,60.22408803304037,13.73012804423431,0.0,150
CLIP,38.0,60.20972649256388,13.700761737913163,0.0,150
CLIP,39.0,60.185310542583466,13.736657403218352,0.0,150
CLIP,40.0,60.17458321650823,13.716135568925758,0.0,150
CLIP,41.0,60.15499196449915,13.694803411159423,0.0,150
CLIP,42.0,60.23719195524851,13.748064492851679,0.0,150
CLIP,43.0,60.16693856318792,13.732722756256717,0.0,150
CLIP,44.0,60.23598231871923,13.758552758141862,0.0,150
CLIP,45.0,60.19361344973246,13.719812938321832,0.0,150
CLIP,46.0,60.22627995411555,13.783331666703598,0.0,150
CLIP,47.0,60.2871171037356,13.811535765048312,0.0,150
CLIP,48.0,60.27042265733083,13.842967625638027,0.0,150
CLIP,49.0,60.21216468016306,13.750109963601536,0.0,150
CLIP,50.0,60.18254552284876,13.766775475556928,0.0,150
CLIP,51.0,60.250646909077965,13.784322423765875,0.0,150
CLIP,52.0,60.140476087729134,13.856341955644012,0.0,150
CLIP,53.0,60.28897394736608,13.802441293416987,0.0,150
CLIP,54.0,60.176134725411735,13.835715698603963,0.0,150
CLIP,55.0,60.13069289922714,13.864293206770625,0.0,150
CLIP,56.0,60.17728485663732,13.866654966614393,0.0,150
CLIP,57.0,60.18850086132685,13.860655385164582,0.0,150
CLIP,58.0,60.08256616195043,13.931761065253806,0.0,150
CLIP,59.0,60.17412932713827,13.940664883222386,0.0,150
CLIP,60.0,60.14927544196447,13.854839182477475,0.0,150
CLIP,61.0,60.19896541039149,13.936577743587776,0.0,150
CLIP,62.0,60.200301349163055,13.988974206823883,0.0,150
CLIP,63.0,60.23541190226873,14.012932316243962,0.0,150
CLIP,64.0,60.17468551794688,14.049768014566183,0.0,150
CLIP,65.0,60.199196914831795,14.059019171342097,0.0,150
CLIP,66.0,60.191461642583214,14.04924516593058,0.0,150
CLIP,67.0,60.40554157892863,14.12183803829071,0.0,150
CLIP,68.0,60.273023883501686,14.121329163966228,0.0,150
CLIP,69.0,60.11257680257162,14.133127307700002,0.0,150
CLIP,70.0,60.256036162376404,14.229350944948632,0.0,150
CLIP,71.0,60.16915982961655,14.157443458810517,0.0,150
CLIP,72.0,60.2128791809082,14.355444309284191,0.0,150
CLIP,73.0,60.15685107310613,14.451700778270304,0.0,150
CLIP,74.0,60.1618762811025,14.367971327856798,0.0,150
CLIP,75.0,60.235282043615975,14.464054400514074,0.0,150
CLIP,76.0,60.095147689183555,14.541476743005148,0.0,150
CLIP,77.0,60.36134624481201,14.609825405874574,0.0,150
CLIP,78.0,60.195525805155434,14.85723370009239,0.0,150
CLIP,79.0,60.17554779847463,14.78096692168551,0.0,150
CLIP,80.0,60.22190467516581,15.019211214625258,0.0,150
CLIP,81.0,60.153997679551445,15.03508450504359,0.0,150
CLIP,82.0,60.21323128541311,15.257719282257153,0.0,150
CLIP,83.0,60.25243729352951,15.523461458770896,0.0,150
CLIP,84.0,60.297267615795135,15.611115144364273,0.0,150
CLIP,85.0,60.08595754702886,15.704836387598572,0.0,150
CLIP,86.0,60.15309723218282,15.848181160539282,0.0,150
CLIP,87.0,60.37235018610954,16.024302026747446,0.0,150
CLIP,88.0,60.31249993046125,16.49227839778824,0.0,150
CLIP,89.0,60.329983274141945,16.614183357120975,0.0,150
CLIP,90.0,60.22912296652794,16.984263394196862,0.0,150
CLIP,91.0,60.03977901736895,17.384809669056477,0.0,150
CLIP,92.0,60.32131774226824,17.829264462719728,0.0,150
CLIP,93.0,60.377914210160576,18.336372992427638,0.0,150
CLIP,94.0,60.238095194101334,18.990876265396423,0.0,150
CLIP,95.0,59.97379301985105,19.584972620826697,0.0,150
CLIP,96.0,60.2127448519071,20.15112692723719,0.0,150
CLIP,97.0,60.17532812555631,21.242174408780407,0.0,150
CLIP,98.0,60.15028249720732,22.31747809581683,0.0,150
CLIP,99.0,60.14617732167244,23.636539199626757,0.0,150
CLIP,100.0,60.190666660666466,25.2424360673626,0.0,150
CLIP + CBC,0.0,66.72533353169759,11.440758554947923,6.534666617711385,150
CLIP + CBC,1.0,66.69680458307266,11.49647990755725,6.507971405982971,150
CLIP + CBC,2.0,66.64969420433044,11.489784847900582,6.4719617168108625,150
CLIP + CBC,3.0,66.69181235631306,11.476865978535873,6.496403058369954,150
CLIP + CBC,4.0,66.67800829807918,11.478713695644482,6.495850642522176,150
CLIP + CBC,5.0,66.68425824244817,11.50429525148569,6.470645884672801,150
CLIP + CBC,6.0,66.66279097398122,11.497337122801524,6.482804993788402,150
CLIP + CBC,7.0,66.6811815102895,11.502615487988445,6.473426342010498,150
CLIP + CBC,8.0,66.67722723881404,11.485819967083774,6.4966238141059875,150
CLIP + CBC,9.0,66.72622420390447,11.509090158091315,6.499891082445781,150
CLIP + CBC,10.0,66.69025653600693,11.479917655757934,6.472601036230723,150
CLIP + CBC,11.0,66.64306320746739,11.496049269117734,6.477839291095734,150
CLIP + CBC,12.0,66.65949179728825,11.488265035258403,6.4858744740486145,150
CLIP + CBC,13.0,66.6202340523402,11.493938888473828,6.4550396998723345,150
CLIP + CBC,14.0,66.7187641064326,11.47621826452319,6.485735893249512,150
CLIP + CBC,15.0,66.65587683518727,11.482211615433412,6.468747715155284,150
CLIP + CBC,16.0,66.62188470363617,11.478690044564114,6.5104362567265825,150
CLIP + CBC,17.0,66.6747737924258,11.475344818267068,6.483589311440785,150
CLIP + CBC,18.0,66.64105023940404,11.520917915019597,6.476293007532756,150
CLIP + CBC,19.0,66.54370721181233,11.500821847754317,6.4293525616327925,150
CLIP + CBC,20.0,66.62227658430736,11.473863290800859,6.466748317082723,150
CLIP + CBC,21.0,66.60600084066391,11.514094931884676,6.456309139728546,150
CLIP + CBC,22.0,66.65644230445226,11.518918817013127,6.485120673974355,150
CLIP + CBC,23.0,66.66414467493694,11.48848893916495,6.445817629496257,150
CLIP + CBC,24.0,66.64795909325282,11.47353617464357,6.465391218662262,150
CLIP + CBC,25.0,66.59002145131429,11.470813801234902,6.397677560647328,150
CLIP + CBC,26.0,66.61601384480794,11.505171630920701,6.4302869240442915,150
CLIP + CBC,27.0,66.59894309441249,11.528119424609493,6.443769176801045,150
CLIP + CBC,28.0,66.55071304241817,11.557863060956711,6.3704989949862165,150
CLIP + CBC,29.0,66.59621117512386,11.515253910321277,6.429409305254619,150
CLIP + CBC,30.0,66.55470327536266,11.48896678334382,6.365936239560445,150
CLIP + CBC,31.0,66.6355985601743,11.45858113918286,6.430328369140625,150
CLIP + CBC,32.0,66.5612359046936,11.513179402186505,6.373782674471538,150
CLIP + CBC,33.0,66.58074915409088,11.474789507388326,6.3626362880071,150
CLIP + CBC,34.0,66.62977910041809,11.516056419785352,6.387704233328502,150
CLIP + CBC,35.0,66.57712912559509,11.488001277130733,6.348515808582306,150
CLIP + CBC,36.0,66.61262301603954,11.461840056257039,6.366469383239746,150
CLIP + CBC,37.0,66.56291856368382,11.549075117218349,6.338830530643463,150
CLIP + CBC,38.0,66.45947321256001,11.491122388918901,6.249746719996135,150
CLIP + CBC,39.0,66.53497685988744,11.513792462630958,6.349666317303975,150
CLIP + CBC,40.0,66.42729192972183,11.484165240102982,6.252708713213603,150
CLIP + CBC,41.0,66.4529315829277,11.547684083365557,6.297939618428548,150
CLIP + CBC,42.0,66.4485532840093,11.53528522200248,6.211361328760783,150
CLIP + CBC,43.0,66.38694967826207,11.45737236003991,6.220011115074158,150
CLIP + CBC,44.0,66.4775937795639,11.5407435329856,6.241611460844676,150
CLIP + CBC,45.0,66.36324912309647,11.473460065516532,6.169635673364003,150
CLIP + CBC,46.0,66.37963591019313,11.529205498838959,6.153355956077576,150
CLIP + CBC,47.0,66.39988442262013,11.547947862606877,6.112767318884532,150
CLIP + CBC,48.0,66.3526994784673,11.58232227435959,6.082276821136475,150
CLIP + CBC,49.0,66.27418001492818,11.54449561547361,6.062015334765117,150
CLIP + CBC,50.0,66.23296948273976,11.54226657481137,6.050423959891002,150
CLIP + CBC,51.0,66.26531116167705,11.49455351691348,6.01466425259908,150
CLIP + CBC,52.0,66.14999999602635,11.591437967210881,6.009523908297221,150
CLIP + CBC,53.0,66.25991068283717,11.560936526019225,5.970936735471089,150
CLIP + CBC,54.0,66.09766525030136,11.578137967810889,5.921530524889628,150
CLIP + CBC,55.0,66.07075907786687,11.538657886603334,5.9400661786397295,150
CLIP + CBC,56.0,66.08373661835988,11.604888957981025,5.906451761722565,150
CLIP + CBC,57.0,65.98206718762715,11.534977894175032,5.793566326300303,150
CLIP + CBC,58.0,65.8760114510854,11.585179706778108,5.793445289134979,150
CLIP + CBC,59.0,65.91172693173091,11.622972069879554,5.737597604592641,150
CLIP + CBC,60.0,65.80521742502849,11.58177496990318,5.655941983064015,150
CLIP + CBC,61.0,65.77620102961858,11.627653029257347,5.577235619227092,150
CLIP + CBC,62.0,65.8223227461179,11.562517387061307,5.622021396954854,150
CLIP + CBC,63.0,65.69545815388362,11.588226966119397,5.460046251614888,150
CLIP + CBC,64.0,65.61069180568059,11.595470334164371,5.436006287733714,150
CLIP + CBC,65.0,65.49397607644399,11.627890998659067,5.294779161612193,150
CLIP + CBC,66.0,65.42660083373387,11.605470704630777,5.235139191150665,150
CLIP + CBC,67.0,65.48715392748515,11.633109529727495,5.0816123485565186,150
CLIP + CBC,68.0,65.29226823647817,11.6438789237242,5.019244352976481,150
CLIP + CBC,69.0,64.99454708894093,11.61582836170875,4.881970286369324,150
CLIP + CBC,70.0,65.07603603601456,11.652102677811333,4.819999873638153,150
CLIP + CBC,71.0,64.77174508571625,11.671918697447367,4.602585256099701,150
CLIP + CBC,72.0,64.86496210098267,11.70023136736442,4.652082920074463,150
CLIP + CBC,73.0,64.56831886370976,11.703092158528131,4.411467790603638,150
CLIP + CBC,74.0,64.32574844360352,11.654382585028404,4.1638721625010175,150
CLIP + CBC,75.0,64.24902562300365,11.725788170956733,4.013743579387665,150
CLIP + CBC,76.0,63.9658225774765,11.727102447347606,3.8706748882929483,150
CLIP + CBC,77.0,63.986971040566765,11.723326915275205,3.6256247957547507,150
CLIP + CBC,78.0,63.61610738436381,11.844018011936218,3.420581579208374,150
CLIP + CBC,79.0,63.31880044937134,11.692115257910919,3.143252650896708,150
CLIP + CBC,80.0,63.053809682528176,11.852818233123,2.8319050073623657,150
CLIP + CBC,81.0,62.73899135986964,11.867705119882501,2.5849936803181968,150
CLIP + CBC,82.0,62.43078911304474,11.831222275037625,2.2175578276316323,150
CLIP + CBC,83.0,62.08353100220362,12.011566896462039,1.831093708674113,150
CLIP + CBC,84.0,61.6494537393252,12.042264948536276,1.35218612353007,150
CLIP + CBC,85.0,61.00085097551346,11.90976569919419,0.9148934284845988,150
CLIP + CBC,86.0,60.39351028203964,11.949412070225705,0.2404130498568217,150
CLIP + CBC,87.0,59.979109048843384,11.917855678727797,-0.39324113726615906,150
CLIP + CBC,88.0,59.376282036304474,11.999474784891714,-0.9362178941567739,150
CLIP + CBC,89.0,58.4217754205068,11.931650358040471,-1.908207853635152,150
CLIP + CBC,90.0,57.53122808535894,12.029705309001743,-2.697894881169001,150
CLIP + CBC,91.0,56.17458577950796,11.996575203316628,-3.8651932378609977,150
CLIP + CBC,92.0,55.24108529090881,11.927925019136168,-5.080232451359431,150
CLIP + CBC,93.0,53.83967254559199,11.785400229931442,-6.5382416645685835,150
CLIP + CBC,94.0,52.10476209719976,11.782025064003047,-8.133333096901575,150
CLIP + CBC,95.0,49.7655171751976,11.694390923083025,-10.208275844653448,150
CLIP + CBC,96.0,47.47598042090734,11.281956789301779,-12.736764430999756,150
CLIP + CBC,97.0,44.44304465254148,10.885362298923246,-15.732283473014832,150
CLIP + CBC,98.0,40.4847458700339,9.99405705349329,-19.665536627173424,150
CLIP + CBC,99.0,35.33577989538511,8.86850636889498,-24.810397426287334,150
CLIP + CBC,100.0,28.651333297292393,7.74500891373672,-31.539333363374073,150
CuPL,0.0,63.076666593551636,13.319757980479226,2.8859996795654297,150
CuPL,1.0,63.07292276620865,13.313495501192849,2.8840895891189575,150
CuPL,2.0,63.06551283597946,13.317921800472007,2.8877803484598794,150
CuPL,3.0,63.08187731107076,13.327248134182755,2.886468013127645,150
CuPL,4.0,63.05774527788162,13.336678170125728,2.8755876223246255,150
CuPL,5.0,63.10359503825506,13.324562789543902,2.8899826804796853,150
CuPL,6.0,63.06384781996409,13.333520641445094,2.8838618397712708,150
CuPL,7.0,63.09619347254435,13.324993068926107,2.8884383042653403,150
CuPL,8.0,63.05229870478312,13.321805079349321,2.8716952800750732,150
CuPL,9.0,63.093144834041595,13.33264921348899,2.8668117125829062,150
CuPL,10.0,63.11230772733688,13.30832807618309,2.894652227560679,150
CuPL,11.0,63.04587475458781,13.302926990497253,2.880650838216146,150
CuPL,12.0,63.044693450133,13.325007420371168,2.8710761268933616,150
CuPL,13.0,63.04386564095815,13.330398227877854,2.8786712884902954,150
CuPL,14.0,63.117086152235665,13.301816436046119,2.884057939052582,150
CuPL,15.0,63.06913318236669,13.31857621669968,2.8820040623346963,150
CuPL,16.0,63.0021027525266,13.346971653615643,2.8906543056170144,150
CuPL,17.0,63.06627345085144,13.304575590748414,2.8750889698664346,150
CuPL,18.0,63.04836905002594,13.322070714179157,2.883611818154653,150
CuPL,19.0,63.00852413972219,13.320902295391056,2.894169489542643,150
CuPL,20.0,63.042845606803894,13.344520652055587,2.887317339579264,150
CuPL,21.0,63.04126616319021,13.322405081852514,2.8915744622548423,150
CuPL,22.0,63.06167912483215,13.348620100941831,2.890357494354248,150
CuPL,23.0,63.094997922579445,13.333478538996427,2.8766708771387735,150
CuPL,24.0,63.068282067775726,13.349138280344489,2.8857141931851706,150
CuPL,25.0,63.05462388197581,13.33057093440917,2.862279991308848,150
CuPL,26.0,63.06884213288625,13.340740989061922,2.883115212122599,150
CuPL,27.0,63.044914186000824,13.363768760178855,2.889740268389384,150
CuPL,28.0,63.06434949239095,13.402529052554787,2.884135444959005,150
CuPL,29.0,63.04997738202413,13.369606236340603,2.883175512154897,150
CuPL,30.0,63.0485845208168,13.328117492716107,2.8598174850145974,150
CuPL,31.0,63.11243625481924,13.306760905185211,2.907166063785553,150
CuPL,32.0,63.07368912299474,13.34021601665716,2.8862358927726746,150
CuPL,33.0,63.10554758707682,13.326195182662625,2.887434720993042,150
CuPL,34.0,63.17175805568695,13.368198353930557,2.929683188597361,150
CuPL,35.0,63.08953785896301,13.345164588638779,2.860924541950226,150
CuPL,36.0,63.14151887098948,13.325933896018716,2.8953652381896973,150
CuPL,37.0,63.107746164004006,13.379663243790892,2.8836581309636435,150
CuPL,38.0,63.030597706635795,13.370908309311135,2.8208712140719094,150
CuPL,39.0,63.11350800593694,13.381990989008086,2.928197463353475,150
CuPL,40.0,63.02354164918264,13.38077546235164,2.848958432674408,150
CuPL,41.0,63.02599080403646,13.380799214591248,2.8709988395373025,150
CuPL,42.0,63.078134973843895,13.372076612528241,2.8409430185953775,150
CuPL,43.0,63.035997887452446,13.375877444609056,2.8690593242645264,150
CuPL,44.0,63.10496703783671,13.377911040698423,2.8689847191174827,150
CuPL,45.0,63.08829136689504,13.336677765405712,2.894677917162577,150
CuPL,46.0,63.1177472670873,13.41197165012232,2.8914673129717507,150
CuPL,47.0,63.17839394013087,13.441783313896833,2.8912768363952637,150
CuPL,48.0,63.12570444742838,13.433556749105454,2.8552817900975547,150
CuPL,49.0,63.056648671627045,13.400697030622352,2.8444839914639792,150
CuPL,50.0,63.026181856791176,13.386184419373834,2.8436363339424133,150
CuPL,51.0,63.099322279294334,13.453047211668743,2.8486753702163696,150
CuPL,52.0,62.98609000444412,13.467854639544644,2.8456139167149863,150
CuPL,53.0,63.14850197235743,13.434748702517957,2.8595280249913535,150
CuPL,54.0,63.04228266080221,13.482618113806089,2.8661479353904724,150
CuPL,55.0,63.001056015491486,13.537998051882933,2.8703631162643433,150
CuPL,56.0,63.131586134433746,13.48414499379995,2.9543012777964273,150
CuPL,57.0,63.09760441382726,13.454372893646443,2.9091035525004068,150
CuPL,58.0,62.98842384417852,13.507098686223776,2.9058576822280884,150
CuPL,59.0,63.058137913544975,13.532748548145664,2.8840085864067078,150
CuPL,60.0,63.02275367577871,13.512508690489312,2.8734782338142395,150
CuPL,61.0,63.117221216360726,13.59686276614322,2.9182558059692383,150
CuPL,62.0,63.105128149191536,13.577868078421096,2.904826800028483,150
CuPL,63.0,63.07297937075297,13.656263895074414,2.837567468484243,150
CuPL,64.0,62.998742163181305,13.626787391324758,2.824056645234426,150
CuPL,65.0,63.0570281346639,13.656065047162512,2.8578312198321023,150
CuPL,66.0,63.09967162211736,13.560942908948986,2.908209979534149,150
CuPL,67.0,63.2654914855957,13.680047598388496,2.8599499066670737,150
CuPL,68.0,63.0981099208196,13.757296503417498,2.8250860373179116,150
CuPL,69.0,62.960950116316475,13.672579809034419,2.848373313744863,150
CuPL,70.0,63.150810738404594,13.784650694610654,2.894774576028188,150
CuPL,71.0,63.03028625249863,13.748010302830444,2.86112642288208,150
CuPL,72.0,63.19659094015757,13.892969115736514,2.983711759249369,150
CuPL,73.0,62.99514091014862,14.019462395000748,2.8382898370424905,150
CuPL,74.0,63.02355293432871,13.870966863057838,2.861676653226217,150
CuPL,75.0,63.13087181250254,13.985276635086617,2.895589768886566,150
CuPL,76.0,62.96097060044607,13.95504440131971,2.865822911262512,150
CuPL,77.0,63.28534199794134,14.081794104643704,2.9239957531293235,150
CuPL,78.0,63.091275135676064,14.330810458133863,2.89574933052063,150
CuPL,79.0,63.12341411908468,14.222625028337749,2.9478663206100464,150
CuPL,80.0,63.13857158025106,14.417379425740934,2.9166669050852456,150
CuPL,81.0,63.00492004553477,14.455948506246497,2.8509223659833274,150
CuPL,82.0,63.10279895861944,14.54068052759084,2.8895676732063293,150
CuPL,83.0,63.20474320650101,14.816733572316956,2.9523059129714966,150
CuPL,84.0,63.23169402281443,14.905109950881037,2.934426407019297,150
CuPL,85.0,62.923971593379974,14.9050203744264,2.8380140463511148,150
CuPL,86.0,62.99439525604248,15.079035231687623,2.8412980238596597,150
CuPL,87.0,63.209831058979034,15.19516151318079,2.8374808728694916,150
CuPL,88.0,63.28493595123291,15.504399995614225,2.9724360207716622,150
CuPL,89.0,63.1611390709877,15.64486423832633,2.831155796845754,150
CuPL,90.0,63.169122676054634,15.988170247660134,2.9399997095266976,150
CuPL,91.0,62.942909836769104,16.27930670323485,2.9031308194001517,150
CuPL,92.0,63.252325574556984,16.638249691319977,2.931007832288742,150
CuPL,93.0,63.27116580804189,16.977404554474504,2.893251597881317,150
CuPL,94.0,63.23679662744204,17.497900435335083,2.9987014333407083,150
CuPL,95.0,62.894712467988334,17.947221719286198,2.9209194481372833,150
CuPL,96.0,63.09509810805321,18.519594249052613,2.882353256146113,150
CuPL,97.0,63.04671912391981,19.45481527755535,2.871390998363495,150
CuPL,98.0,62.98361585537592,20.319329819538734,2.833333358168602,150
CuPL,99.0,63.0623853802681,21.385394399144072,2.9162080585956573,150
CuPL,100.0,63.076666762431465,22.7167968120196,2.886000101764997,150
WaffleCLIP,0.0,63.20428601333074,13.864790636317531,3.0136190993445267,150
WaffleCLIP,1.0,63.20221030144464,13.856639587715806,3.0133771243549528,150
WaffleCLIP,2.0,63.193220814069115,13.862920860678646,3.015488326549531,150
WaffleCLIP,3.0,63.21124656143642,13.87233159920103,3.0158372634933106,150
WaffleCLIP,4.0,63.19008090098699,13.874606518938457,3.007923245429993,150
WaffleCLIP,5.0,63.23155324515843,13.870466075377442,3.017940887383052,150
WaffleCLIP,6.0,63.203906141576326,13.86527970404251,3.023920161383493,150
WaffleCLIP,7.0,63.219931880633034,13.867444881924532,3.012176712354025,150
WaffleCLIP,8.0,63.17594418355397,13.868248734356824,2.9953407588459195,150
WaffleCLIP,9.0,63.23170108454566,13.880005308120015,3.005367963086991,150
WaffleCLIP,10.0,63.245075941085815,13.855143625542997,3.0274204413096104,150
WaffleCLIP,11.0,63.17588925645466,13.84306280570852,3.0106653400829866,150
WaffleCLIP,12.0,63.1865364199593,13.869649805335234,3.0129190967196515,150
WaffleCLIP,13.0,63.17440546978088,13.871285644805633,3.009211117313021,150
WaffleCLIP,14.0,63.24071059340524,13.850382946421451,3.0076823802221386,150
WaffleCLIP,15.0,63.20685927640824,13.865858007721041,3.0197301563762484,150
WaffleCLIP,16.0,63.11350687628702,13.867697680229782,3.00205842937742,150
WaffleCLIP,17.0,63.21629279568082,13.856926887022235,3.0251083146958124,150
WaffleCLIP,18.0,63.18728264456702,13.861107280487737,3.0225254126957486,150
WaffleCLIP,19.0,63.11584812402725,13.870462510742687,3.0014934738477077,150
WaffleCLIP,20.0,63.16923362868174,13.87564351091082,3.0137053614570988,150
WaffleCLIP,21.0,63.166472821008576,13.860618736585636,3.0167811200732273,150
WaffleCLIP,22.0,63.21037878592809,13.88589395584052,3.0390571554501853,150
WaffleCLIP,23.0,63.228907803694405,13.887290278064617,3.0105807582537327,150
WaffleCLIP,24.0,63.21163751965476,13.86263452157644,3.0290696450642183,150
WaffleCLIP,25.0,63.19214741672787,13.862757829394532,2.9998035260609215,150
WaffleCLIP,26.0,63.19906749327978,13.871576398538405,3.0133405725161233,150
WaffleCLIP,27.0,63.17281254132589,13.924947579013729,3.017638623714447,150
WaffleCLIP,28.0,63.197529948893035,13.935978789306139,3.0173159014611013,150
WaffleCLIP,29.0,63.17231776033128,13.899480829594786,3.005515890462058,150
WaffleCLIP,30.0,63.17296802997589,13.874549824557443,2.984200994173685,150
WaffleCLIP,31.0,63.22100256170546,13.857593652013234,3.0157323706717722,150
WaffleCLIP,32.0,63.19822097959973,13.877021209187818,3.0107677493776595,150
WaffleCLIP,33.0,63.21949468340193,13.878701076430854,3.001381817318144,150
WaffleCLIP,34.0,63.28390285230818,13.912486515248847,3.041827985218593,150
WaffleCLIP,35.0,63.20618700413476,13.883019277228312,2.9775736871219816,150
WaffleCLIP,36.0,63.263679847830815,13.896127420526744,3.017526215031033,150
WaffleCLIP,37.0,63.24550581262224,13.926493290603933,3.021417779581887,150
WaffleCLIP,38.0,63.18789981376557,13.906409261917869,2.9781733212016874,150
WaffleCLIP,39.0,63.26182405721573,13.907564523209222,3.07651351463227,150
WaffleCLIP,40.0,63.163690541471745,13.897857608006229,2.989107324963524,150
WaffleCLIP,41.0,63.205373114063626,13.874973696301684,3.05038114956447,150
WaffleCLIP,42.0,63.24235185271219,13.910922493772311,3.005159897463663,150
WaffleCLIP,43.0,63.15217900560015,13.920523836230007,2.9852404424122407,150
WaffleCLIP,44.0,63.24700412296113,13.941591977564947,3.0110218042419064,150
WaffleCLIP,45.0,63.235550264517464,13.893515140731559,3.0419368147850037,150
WaffleCLIP,46.0,63.257484126658674,13.95354368102874,3.031204172543117,150
WaffleCLIP,47.0,63.303672560623724,13.950316478830242,3.0165554568881077,150
WaffleCLIP,48.0,63.260814927873156,13.994897389536412,2.9903922705423263,150
WaffleCLIP,49.0,63.198619947547016,13.914345598877967,2.986455267383939,150
WaffleCLIP,50.0,63.16853674820492,13.909914995112345,2.9859912253561482,150
WaffleCLIP,51.0,63.24092949572063,13.949830007134604,2.990282586642675,150
WaffleCLIP,52.0,63.133369264148534,14.022060868981347,2.992893176419394,150
WaffleCLIP,53.0,63.30705641281037,13.962749921363299,3.0180824654442917,150
WaffleCLIP,54.0,63.165684555258075,14.032719866996516,2.9895498298463368,150
WaffleCLIP,55.0,63.13795373837153,14.002456374292743,3.0072608391443887,150
WaffleCLIP,56.0,63.23035716442835,14.020562431109626,3.0530723077910285,150
WaffleCLIP,57.0,63.16884718338648,13.960981993100047,2.9803463220596313,150
WaffleCLIP,58.0,63.08822468632742,14.04517409543096,3.005658524377005,150
WaffleCLIP,59.0,63.20556401354928,14.07184758905077,3.0314346864109947,150
WaffleCLIP,60.0,63.138861292884464,13.996697195982907,2.989585850919996,150
WaffleCLIP,61.0,63.17622242938904,14.063315000129785,2.977257018997556,150
WaffleCLIP,62.0,63.2385045573825,14.07882963900201,3.0382032082194375,150
WaffleCLIP,63.0,63.2155944449561,14.14761337318586,2.980182542687371,150
WaffleCLIP,64.0,63.16199465025039,14.100157895336014,2.98730913230351,150
WaffleCLIP,65.0,63.224096377690636,14.11461391349999,3.0248994628588353,150
WaffleCLIP,66.0,63.18573776313237,14.065575651375756,2.9942761205491566,150
WaffleCLIP,67.0,63.367278695106506,14.115414702247406,2.961737116177877,150
WaffleCLIP,68.0,63.32771222648166,14.159407341795552,3.054688342979976,150
WaffleCLIP,69.0,63.11031537680399,14.149161390006203,2.9977385742323728,150
WaffleCLIP,70.0,63.268391220342544,14.258287620966218,3.0123550579661407,150
WaffleCLIP,71.0,63.153014160337904,14.149773689564112,2.983854330721355,150
WaffleCLIP,72.0,63.29580627452759,14.322434260877559,3.0829270936193915,150
WaffleCLIP,73.0,63.113702703089935,14.40201777773902,2.9568516299838103,150
WaffleCLIP,74.0,63.140946757225755,14.299575609520078,2.9790704761232654,150
WaffleCLIP,75.0,63.29951642524628,14.376338466236703,3.0642343816303073,150
WaffleCLIP,76.0,63.08734179962249,14.393855760809743,2.992194110438937,150
WaffleCLIP,77.0,63.38275172596886,14.482096481623916,3.0214054811568487,150
WaffleCLIP,78.0,63.204154641855325,14.684428647025591,3.0086288366998946,150
WaffleCLIP,79.0,63.21456585327784,14.582362550404927,3.0390180548032117,150
WaffleCLIP,80.0,63.22979585613522,14.717470188651946,3.00789118096942,150
WaffleCLIP,81.0,63.2527148354621,14.77949362157846,3.098717155910674,150
WaffleCLIP,82.0,63.25627052783966,14.851093039905878,3.0430392424265547,150
WaffleCLIP,83.0,63.32670805283956,15.086401494631698,3.074270759310041,150
WaffleCLIP,84.0,63.375995337963104,15.138320660742654,3.078727722167968,150
WaffleCLIP,85.0,63.072056690851845,15.167133569878127,2.986099143822988,150
WaffleCLIP,86.0,63.17134434268589,15.262938844021637,3.01824711050306,150
WaffleCLIP,87.0,63.36664476281122,15.400849886040255,2.9942945767016633,150
WaffleCLIP,88.0,63.38292123874029,15.653921913337033,3.0704213082790375,150
WaffleCLIP,89.0,63.3388371410824,15.794440666848235,3.0088538669404534,150
WaffleCLIP,90.0,63.20666665122622,16.09459770974912,2.977543684698287,150
WaffleCLIP,91.0,63.08150489841188,16.257144957299175,3.041725881042935,150
WaffleCLIP,92.0,63.41998892171041,16.51409195967947,3.098671179442178,150
WaffleCLIP,93.0,63.35197193707739,16.924232639455145,2.9740577269168127,150
WaffleCLIP,94.0,63.35374148686727,17.37653596949996,3.115646292765935,150
WaffleCLIP,95.0,62.991329938173294,17.698721874936734,3.0175369183222447,150
WaffleCLIP,96.0,63.21967796058882,18.166305622458356,3.006933108681724,150
WaffleCLIP,97.0,63.234495680956606,18.947718039016223,3.0591675554003035,150
WaffleCLIP,98.0,63.1530266844091,19.690040564158767,3.002744187201773,150
WaffleCLIP,99.0,63.182175670351306,20.60935398495683,3.035998348678862,150
WaffleCLIP,100.0,63.204285752915204,21.77389216902788,3.013619092248735,150
