corruption,method,step,loss,pseudo_top1,top1,mean_centroid_text_cosine_x100,mean_clean_centroid_cosine_x100,mean_clean_centroid_l2,mean_intraclass_spread,intraclass_spread_gap_to_clean,inter_intra_ratio
glass_blur,TTA w/o CBC,0,nan,nan,42.250001430511475,24.06308948993683,91.06302261352539,0.3936370015144348,0.09651392847299575,0.04715722352266313,0.568081880798056
glass_blur,TTA w/o CBC,1,0.9626542329788208,42.745535714285715,42.250001430511475,24.098649621009827,91.06855392456055,0.3934071958065033,0.09706873223185539,0.0466024197638035,0.5697571238413841
glass_blur,TTA w/o CBC,2,0.948917065347944,42.410714285714285,42.250001430511475,24.13468360900879,91.07555150985718,0.3931531012058258,0.0976015217602253,0.04606963023543359,0.5713998434339541
glass_blur,TTA w/o CBC,3,0.9442137054034642,41.85267857142857,42.375001311302185,24.16873723268509,91.07920527458191,0.3929708003997803,0.09814860001206398,0.04552255198359491,0.5729279448698674
glass_blur,TTA w/o CBC,4,0.9331004875046867,42.745535714285715,42.250001430511475,24.203279614448547,91.08401536941528,0.39276474714279175,0.09865659028291703,0.04501456171274186,0.5745216580188912
glass_blur,TTA w/o CBC,5,0.9347307852336338,41.07142857142857,42.124998569488525,24.236837029457092,91.0889983177185,0.3925546407699585,0.09918376356363297,0.04448738843202592,0.5760109822799401
glass_blur,TTA w/o CBC,6,0.9223638687814985,41.964285714285715,42.124998569488525,24.2693692445755,91.0960853099823,0.3923012912273407,0.09968833103775979,0.0439828209578991,0.5776010680081964
glass_blur,TTA w/o CBC,7,0.9137728810310364,41.74107142857143,42.124998569488525,24.300599098205566,91.09296798706055,0.392263263463974,0.10025584027171135,0.04341531172394754,0.5790356142641319
glass_blur,TTA w/o CBC,8,0.9307921613965716,41.517857142857146,42.500001192092896,24.33043271303177,91.09684228897095,0.3920894265174866,0.10073597580194474,0.04293517619371415,0.5804720734442728
glass_blur,TTA w/o CBC,9,0.8990679042679923,43.526785714285715,42.625001072883606,24.363739788532257,91.10272526741028,0.3918621242046356,0.10122544467449188,0.04244570732116701,0.5819915525095565
glass_blur,TTA w/o CBC,10,0.8830441321645465,42.52232142857143,42.500001192092896,24.399220943450928,91.1108672618866,0.3915880620479584,0.101712217181921,0.041958934813737886,0.5835385653896494
glass_blur,TTA + CBC,0,nan,nan,42.250001430511475,24.06308948993683,91.06302261352539,0.3936370015144348,0.09651392847299575,0.04715722352266313,0.568081880798056
glass_blur,TTA + CBC,1,1.3564318248203822,47.433035714285715,42.375001311302185,24.09013956785202,91.0844624042511,0.39307934045791626,0.09695601090788841,0.04671514108777047,0.5689914736460275
glass_blur,TTA + CBC,2,1.3412984779902868,47.20982142857143,42.625001072883606,24.120795726776123,91.10689163208008,0.39249101281166077,0.097397480905056,0.04627367109060289,0.5701760730403469
glass_blur,TTA + CBC,3,1.3260200023651123,49.107142857142854,42.750000953674316,24.148526787757874,91.12855195999146,0.391924113035202,0.09782949239015579,0.0458416596055031,0.5711078213089867
glass_blur,TTA + CBC,4,1.3252245358058385,47.767857142857146,43.00000071525574,24.177858233451843,91.15294218063354,0.3912944197654724,0.09825837686657905,0.04541277512907983,0.5720928853187669
glass_blur,TTA + CBC,5,1.366093329020909,47.65625,43.25000047683716,24.206924438476562,91.17695093154907,0.3906749486923218,0.09868396967649459,0.04498718231916429,0.573113020811432
glass_blur,TTA + CBC,6,1.3039595910481043,47.99107142857143,43.37500035762787,24.22948330640793,91.18930697441101,0.3903142809867859,0.09913657531142235,0.044534576684236535,0.5739500759738805
glass_blur,TTA + CBC,7,1.2912032093320573,47.879464285714285,43.37500035762787,24.255749583244324,91.21094942092896,0.3897457718849182,0.09956928864121437,0.04410186335444452,0.5748354517289035
glass_blur,TTA + CBC,8,1.263502069881984,49.66517857142857,43.50000023841858,24.283885955810547,91.23058319091797,0.3892204165458679,0.10000239089131355,0.04366876110434534,0.5757906720615231
glass_blur,TTA + CBC,9,1.2763703891209193,49.107142857142854,43.37500035762787,24.312956631183624,91.2458598613739,0.38878798484802246,0.10044873505830765,0.04322241693735124,0.5768933313970769
glass_blur,TTA + CBC,10,1.2547754049301147,49.66517857142857,43.75,24.34079945087433,91.26728177070618,0.3882218301296234,0.10089777037501335,0.042773381620645534,0.5778528187612691
