setting,method,top1,delta_vs_clip,num_samples,severity,batch_size,top1_std
severity_sweep:0,CLIP,89.24999833106995,0.0,10000,0,,
severity_sweep:0,CLIP + CBC,91.15999937057495,1.9100010395050049,10000,0,128,
severity_sweep:0,CALIP,86.89000010490417,-2.3599982261657715,10000,0,,
severity_sweep:0,WaffleCLIP,90.76857141086033,1.5185730797903858,10000,0,,0.14337137197775077
severity_sweep:0,CuPL,90.32999873161316,1.080000400543213,10000,0,,
severity_sweep:0,InMaP,93.12999844551086,3.880000114440918,10000,0,,
severity_sweep:0,Frolic,92.25999712944031,3.0099987983703613,10000,0,,
severity_sweep:1,CLIP,82.54466652870178,0.0,150000,1,,
severity_sweep:1,CLIP + CBC,85.4253351688385,2.8806686401367188,150000,1,128,
severity_sweep:1,CALIP,79.70399856567383,-2.840667963027954,150000,1,,
severity_sweep:1,WaffleCLIP,84.84542795589992,2.3007614271981396,150000,1,,0.11940287270178329
severity_sweep:1,CuPL,84.27466750144958,1.7300009727478027,150000,1,,
severity_sweep:1,InMaP,87.38866448402405,4.843997955322266,150000,1,,
severity_sweep:1,Frolic,86.4359974861145,3.8913309574127197,150000,1,,
severity_sweep:2,CLIP,78.53066921234131,0.0,150000,2,,
severity_sweep:2,CLIP + CBC,81.79466724395752,3.263998031616211,150000,2,128,
severity_sweep:2,CALIP,75.55199861526489,-2.978670597076416,150000,2,,
severity_sweep:2,WaffleCLIP,81.17247649601528,2.6418072836739697,150000,2,,0.1342536413019802
severity_sweep:2,CuPL,80.43333292007446,1.9026637077331543,150000,2,,
severity_sweep:2,InMaP,83.82933139801025,5.298662185668945,150000,2,,
severity_sweep:2,Frolic,83.02666544914246,4.4959962368011475,150000,2,,
severity_sweep:3,CLIP,73.92933368682861,0.0,150000,3,,
severity_sweep:3,CLIP + CBC,77.729332447052,3.7999987602233887,150000,3,128,
severity_sweep:3,CALIP,70.98199725151062,-2.947336435317993,150000,3,,
severity_sweep:3,WaffleCLIP,76.86038102422442,2.9310473373958104,150000,3,,0.12270971965954999
severity_sweep:3,CuPL,76.36666893959045,2.437335252761841,150000,3,,
severity_sweep:3,InMaP,79.83333468437195,5.904000997543335,150000,3,,
severity_sweep:3,Frolic,79.12200093269348,5.192667245864868,150000,3,,
severity_sweep:4,CLIP,68.68799924850464,0.0,150000,4,,
severity_sweep:4,CLIP + CBC,72.73200154304504,4.044002294540405,150000,4,128,
severity_sweep:4,CALIP,65.6873345375061,-3.000664710998535,150000,4,,
severity_sweep:4,WaffleCLIP,71.61990489278521,2.931905644280576,150000,4,,0.10511610065822573
severity_sweep:4,CuPL,71.11266851425171,2.4246692657470703,150000,4,,
severity_sweep:4,InMaP,75.01266598701477,6.324666738510132,150000,4,,
severity_sweep:4,Frolic,74.35533404350281,5.667334794998169,150000,4,,
severity_sweep:5,CLIP,60.19066572189331,0.0,150000,5,,
severity_sweep:5,CLIP + CBC,64.72933292388916,4.53866720199585,150000,5,128,
severity_sweep:5,CALIP,57.40266442298889,-2.788001298904419,150000,5,,
severity_sweep:5,WaffleCLIP,63.20428592818124,3.013620206287932,150000,5,,0.11892949434168762
severity_sweep:5,CuPL,63.07666897773743,2.886003255844116,150000,5,,
severity_sweep:5,InMaP,67.22533106803894,7.03466534614563,150000,5,,
severity_sweep:5,Frolic,66.76133275032043,6.570667028427124,150000,5,,
severity_sweep:6,CLIP,56.23999834060669,0.0,150000,6,,
severity_sweep:6,CLIP + CBC,60.27600169181824,4.036003351211548,150000,6,128,
severity_sweep:6,CALIP,53.67666482925415,-2.563333511352539,150000,6,,
severity_sweep:6,WaffleCLIP,58.871523823056904,2.631525482450215,150000,6,,0.11420218437672362
severity_sweep:6,CuPL,58.71266722679138,2.4726688861846924,150000,6,,
severity_sweep:6,InMaP,62.7020001411438,6.462001800537109,150000,6,,
severity_sweep:6,Frolic,62.25600242614746,6.0160040855407715,150000,6,,
severity_sweep:7,CLIP,52.29266881942749,0.0,150000,7,,
severity_sweep:7,CLIP + CBC,55.77399730682373,3.4813284873962402,150000,7,128,
severity_sweep:7,CALIP,49.998000264167786,-2.2946685552597046,150000,7,,
severity_sweep:7,WaffleCLIP,54.5434296131134,2.250760793685913,150000,7,,0.13907811169183612
severity_sweep:7,CuPL,54.13466691970825,1.8419981002807617,150000,7,,
severity_sweep:7,InMaP,57.93733596801758,5.644667148590088,150000,7,,
severity_sweep:7,Frolic,57.682669162750244,5.390000343322754,150000,7,,
severity_sweep:8,CLIP,48.45133423805237,0.0,150000,8,,
severity_sweep:8,CLIP + CBC,51.63933038711548,3.1879961490631104,150000,8,128,
severity_sweep:8,CALIP,46.34133279323578,-2.1100014448165894,150000,8,,
severity_sweep:8,WaffleCLIP,50.52066615649632,2.0693319184439503,150000,8,,0.1337459041381393
severity_sweep:8,CuPL,50.014668703079224,1.5633344650268555,150000,8,,
severity_sweep:8,InMaP,53.465330600738525,5.013996362686157,150000,8,,
severity_sweep:8,Frolic,53.4173309803009,4.965996742248535,150000,8,,
severity_sweep:9,CLIP,45.13466656208038,0.0,150000,9,,
severity_sweep:9,CLIP + CBC,48.38133454322815,3.246667981147766,150000,9,128,
severity_sweep:9,CALIP,43.00866723060608,-2.125999331474304,150000,9,,
severity_sweep:9,WaffleCLIP,47.33171420437949,2.197047642299104,150000,9,,0.07987909124546988
severity_sweep:9,CuPL,46.638667583465576,1.5040010213851929,150000,9,,
severity_sweep:9,InMaP,50.06800293922424,4.93333637714386,150000,9,,
severity_sweep:9,Frolic,49.79466795921326,4.6600013971328735,150000,9,,
severity_sweep:10,CLIP,42.46133267879486,0.0,150000,10,,
severity_sweep:10,CLIP + CBC,45.91600000858307,3.454667329788208,150000,10,128,
severity_sweep:10,CALIP,40.65866768360138,-1.8026649951934814,150000,10,,
severity_sweep:10,WaffleCLIP,44.86952381474631,2.408191135951448,150000,10,,0.07090364014380249
severity_sweep:10,CuPL,44.49799954891205,2.0366668701171875,150000,10,,
severity_sweep:10,InMaP,47.70199954509735,5.24066686630249,150000,10,,
severity_sweep:10,Frolic,47.23133444786072,4.770001769065857,150000,10,,
