corruption,method,step,class_id,class_name,pc1,pc2,pc3
brightness,TTA w/o CBC,0,0,airplane,-2.6889591353035467,-3.943450743316446,-3.2801377421429567
brightness,TTA w/o CBC,1,0,airplane,-2.69710273261858,-3.9565880806106137,-3.290951011608101
brightness,TTA w/o CBC,2,0,airplane,-2.706263603090032,-3.9680078529574354,-3.3002962965024505
brightness,TTA w/o CBC,3,0,airplane,-2.714275155220202,-3.9803770768450835,-3.309282696299626
brightness,TTA w/o CBC,4,0,airplane,-2.723089346719646,-3.9917857907701624,-3.3183602847246734
brightness,TTA w/o CBC,5,0,airplane,-2.733016552916479,-4.001616661757141,-3.3284734375929093
brightness,TTA w/o CBC,6,0,airplane,-2.739546579831223,-4.0128075759233655,-3.3360809956588473
brightness,TTA w/o CBC,7,0,airplane,-2.7481618809848176,-4.023461201719457,-3.3445244096397118
brightness,TTA w/o CBC,8,0,airplane,-2.7542592466518876,-4.034498464019095,-3.350511173144904
brightness,TTA w/o CBC,9,0,airplane,-2.759772428138746,-4.045549244806099,-3.3570133931222137
brightness,TTA w/o CBC,10,0,airplane,-2.7672463625067323,-4.056321100228071,-3.3636974624595903
brightness,TTA w/o CBC,0,1,automobile,-4.933173543227618,1.2699658351720617,3.309856740460852
brightness,TTA w/o CBC,1,1,automobile,-4.947154727107485,1.2738186814066605,3.3128784224648418
brightness,TTA w/o CBC,2,1,automobile,-4.962001918116518,1.2780803530721006,3.3139843988987416
brightness,TTA w/o CBC,3,1,automobile,-4.976417760537486,1.282455399004815,3.3176243351955175
brightness,TTA w/o CBC,4,1,automobile,-4.9910274995031685,1.2869159220844029,3.3190313350078413
brightness,TTA w/o CBC,5,1,automobile,-5.0041409801324015,1.290966303113537,3.322852650956741
brightness,TTA w/o CBC,6,1,automobile,-5.016001124937713,1.294065808512569,3.3265774670116737
brightness,TTA w/o CBC,7,1,automobile,-5.028062076039492,1.2968889755929318,3.331628658397912
brightness,TTA w/o CBC,8,1,automobile,-5.040446782354185,1.3011399577099916,3.3341926633665127
brightness,TTA w/o CBC,9,1,automobile,-5.051710561072016,1.3042900764532321,3.3379067057299845
brightness,TTA w/o CBC,10,1,automobile,-5.064558922638171,1.3082878156339857,3.3406750388520177
brightness,TTA w/o CBC,0,2,bird,2.3347608573351852,-2.694195664148897,0.08136523552981205
brightness,TTA w/o CBC,1,2,bird,2.3411267249625243,-2.7044897754483412,0.07896091811249087
brightness,TTA w/o CBC,2,2,bird,2.348241447643008,-2.7151925049685457,0.07783569096036035
brightness,TTA w/o CBC,3,2,bird,2.3534752737818474,-2.7263551041735643,0.07509177673923499
brightness,TTA w/o CBC,4,2,bird,2.3586549978511937,-2.7362856209419326,0.07375732095208733
brightness,TTA w/o CBC,5,2,bird,2.3626837922389323,-2.74515734783907,0.07105638516537716
brightness,TTA w/o CBC,6,2,bird,2.3666614476603747,-2.7551408542114806,0.06907386966974817
brightness,TTA w/o CBC,7,2,bird,2.3706958849252313,-2.764256079505376,0.06697230117996587
brightness,TTA w/o CBC,8,2,bird,2.373726138480791,-2.7732630805006044,0.0645115607123105
brightness,TTA w/o CBC,9,2,bird,2.3769637896145492,-2.782348848954083,0.06180989024442138
brightness,TTA w/o CBC,10,2,bird,2.380287931464813,-2.7906539839253672,0.059271325984819274
brightness,TTA w/o CBC,0,3,cat,3.917526662386038,-0.12946815782917298,1.088742177711371
brightness,TTA w/o CBC,1,3,cat,3.928943332427278,-0.13011303464623017,1.0932553976532187
brightness,TTA w/o CBC,2,3,cat,3.9410374400778236,-0.13309100451647296,1.099609063948776
brightness,TTA w/o CBC,3,3,cat,3.9530286274507147,-0.1363714324840901,1.1061224831464544
brightness,TTA w/o CBC,4,3,cat,3.9641203676051933,-0.1378894002139382,1.110092005401798
brightness,TTA w/o CBC,5,3,cat,3.9774066982256198,-0.14078833124442988,1.1174164949181158
brightness,TTA w/o CBC,6,3,cat,3.987551224229095,-0.14230324704710232,1.1217516102782692
brightness,TTA w/o CBC,7,3,cat,3.9960086502562437,-0.14371622944261106,1.125799581264928
brightness,TTA w/o CBC,8,3,cat,4.005657600243442,-0.14481623628681167,1.1301825077559013
brightness,TTA w/o CBC,9,3,cat,4.016176358441803,-0.14634764173824355,1.1352938636796053
brightness,TTA w/o CBC,10,3,cat,4.0269378958780715,-0.1489313975164632,1.1417974720038435
brightness,TTA w/o CBC,0,4,deer,3.7410385932796193,2.3894387366885472,-1.1562539740139874
brightness,TTA w/o CBC,1,4,deer,3.7552578395732983,2.4021014812567927,-1.1663429139679902
brightness,TTA w/o CBC,2,4,deer,3.767717777935272,2.4144267934160637,-1.177327706685446
brightness,TTA w/o CBC,3,4,deer,3.779683439743959,2.4280902155847968,-1.1884817974586803
brightness,TTA w/o CBC,4,4,deer,3.791528011233939,2.4392821652061616,-1.1987538137929925
brightness,TTA w/o CBC,5,4,deer,3.8022444734059984,2.4515867757310144,-1.2100113948121
brightness,TTA w/o CBC,6,4,deer,3.812828146538606,2.4632287965798767,-1.2199048683195335
brightness,TTA w/o CBC,7,4,deer,3.8244820910533535,2.475882145975109,-1.2308787235181002
brightness,TTA w/o CBC,8,4,deer,3.8333772408664855,2.487305004689085,-1.242329852902225
brightness,TTA w/o CBC,9,4,deer,3.843521066920487,2.499527439521409,-1.2527745876968166
brightness,TTA w/o CBC,10,4,deer,3.852965238011609,2.5101651372557696,-1.262667604076269
brightness,TTA w/o CBC,0,5,dog,3.9609527014892496,0.23611027928158404,1.1336685603866847
brightness,TTA w/o CBC,1,5,dog,3.973263992199322,0.23888092604333472,1.1362307708179509
brightness,TTA w/o CBC,2,5,dog,3.981967364934979,0.24267166101976717,1.1372042740297585
brightness,TTA w/o CBC,3,5,dog,3.9930062026768263,0.24545610309722804,1.1400421054480043
brightness,TTA w/o CBC,4,5,dog,4.002974898452184,0.24707917361327755,1.1428076651048493
brightness,TTA w/o CBC,5,5,dog,4.01132993689752,0.24921334244339982,1.1443724891996157
brightness,TTA w/o CBC,6,5,dog,4.020789675426823,0.25248191539771525,1.146666978246213
brightness,TTA w/o CBC,7,5,dog,4.030928143867214,0.25395847356991463,1.1497168839497793
brightness,TTA w/o CBC,8,5,dog,4.040973323183052,0.2563223898531401,1.1527159791161525
brightness,TTA w/o CBC,9,5,dog,4.048675285220858,0.25834855817642643,1.1539194861739575
brightness,TTA w/o CBC,10,5,dog,4.058015202716635,0.2601850822443229,1.1563928038994156
brightness,TTA w/o CBC,0,6,frog,3.6591377393069533,-1.9766608454714512,2.7349541183232673
brightness,TTA w/o CBC,1,6,frog,3.68452467579392,-1.9950519980497037,2.7602029246046165
brightness,TTA w/o CBC,2,6,frog,3.7091814158098644,-2.0128009886528466,2.7842885075331374
brightness,TTA w/o CBC,3,6,frog,3.7314983717243466,-2.029156388580816,2.8069735909117965
brightness,TTA w/o CBC,4,6,frog,3.75463303075237,-2.0455247974766966,2.8293110170926665
brightness,TTA w/o CBC,5,6,frog,3.7742093535929517,-2.0610906803661613,2.8486971821467275
brightness,TTA w/o CBC,6,6,frog,3.794037125502227,-2.0761630741544357,2.868020285451571
brightness,TTA w/o CBC,7,6,frog,3.8127489439932307,-2.091285439372871,2.8873885145011116
brightness,TTA w/o CBC,8,6,frog,3.832575559206172,-2.1066616214825022,2.907440190502946
brightness,TTA w/o CBC,9,6,frog,3.851537553445114,-2.1219675017913264,2.9267899922592893
brightness,TTA w/o CBC,10,6,frog,3.8694005801677966,-2.1350923478695347,2.9442152271085775
brightness,TTA w/o CBC,0,7,horse,1.3778717831164857,4.807334858604872,-3.4380893728418744
brightness,TTA w/o CBC,1,7,horse,1.3824543976469292,4.822165581343861,-3.451244972761123
brightness,TTA w/o CBC,2,7,horse,1.3882092188326194,4.836756695460747,-3.462470403737157
brightness,TTA w/o CBC,3,7,horse,1.394558908836324,4.851079109202018,-3.4729297653884257
brightness,TTA w/o CBC,4,7,horse,1.3967252096538934,4.86802922032713,-3.487097070102497
brightness,TTA w/o CBC,5,7,horse,1.4020887605123873,4.88195155942461,-3.4978021612533556
brightness,TTA w/o CBC,6,7,horse,1.4061029186497775,4.8974372753502164,-3.5089754686406214
brightness,TTA w/o CBC,7,7,horse,1.4125319463389596,4.9109060357383,-3.518526296051549
brightness,TTA w/o CBC,8,7,horse,1.4173705112649806,4.924937961335341,-3.527966526385875
brightness,TTA w/o CBC,9,7,horse,1.4219387243327943,4.939535609853964,-3.5377927989270703
brightness,TTA w/o CBC,10,7,horse,1.4255779045205277,4.954314670796791,-3.5491083607145018
brightness,TTA w/o CBC,0,8,ship,-4.337924531924557,-1.6640168451029111,-2.6824509480734307
brightness,TTA w/o CBC,1,8,ship,-4.350007731409094,-1.6699063649450225,-2.686037648143531
brightness,TTA w/o CBC,2,8,ship,-4.363813298347482,-1.6742056984261882,-2.6928095333864372
brightness,TTA w/o CBC,3,8,ship,-4.378047586009634,-1.6786743153450694,-2.699169670560614
brightness,TTA w/o CBC,4,8,ship,-4.390242301883332,-1.6835321205825646,-2.703795375804278
brightness,TTA w/o CBC,5,8,ship,-4.4006983726859925,-1.689527462819821,-2.707365216231401
brightness,TTA w/o CBC,6,8,ship,-4.413339089953273,-1.6941360743902527,-2.7130260808252444
brightness,TTA w/o CBC,7,8,ship,-4.424594750863131,-1.6983188502748905,-2.7185231366013247
brightness,TTA w/o CBC,8,8,ship,-4.436419734972332,-1.7035345415156915,-2.723690995392076
brightness,TTA w/o CBC,9,8,ship,-4.448661006945609,-1.7077553721834413,-2.7292192286517416
brightness,TTA w/o CBC,10,8,ship,-4.4580812166394335,-1.7133798883349018,-2.734364831812736
brightness,TTA w/o CBC,0,9,truck,-7.311996669530972,1.841977911731101,1.9607343158065746
brightness,TTA w/o CBC,1,9,truck,-7.352071079490841,1.856220114730168,1.9654239966008504
brightness,TTA w/o CBC,2,9,truck,-7.38504610122709,1.8684116507864377,1.9723617264807574
brightness,TTA w/o CBC,3,9,truck,-7.417259760326407,1.8809101352453805,1.9763910007980843
brightness,TTA w/o CBC,4,9,truck,-7.445023806022289,1.8907780933209057,1.9853915125404602
brightness,TTA w/o CBC,5,9,truck,-7.472860901393041,1.9015125327769136,1.9916229169582842
brightness,TTA w/o CBC,6,9,truck,-7.499841057150605,1.9104029468138926,1.9982615488495967
brightness,TTA w/o CBC,7,9,truck,-7.527330886066915,1.920459181689156,2.0033315002530023
brightness,TTA w/o CBC,8,9,truck,-7.553302941425352,1.9301200546295327,2.007815274867205
brightness,TTA w/o CBC,9,9,truck,-7.5794316813030385,1.9393100379771946,2.0134475929889564
brightness,TTA w/o CBC,10,9,truck,-7.604032770151495,1.9484718726644483,2.0198392847216633
brightness,TTA + CBC,0,0,airplane,-2.6889591353035467,-3.943450743316446,-3.2801377421429567
brightness,TTA + CBC,1,0,airplane,-2.697428902146251,-3.9548538599030985,-3.2929484167164462
brightness,TTA + CBC,2,0,airplane,-2.7040481282868596,-3.964850070528156,-3.3029130048626847
brightness,TTA + CBC,3,0,airplane,-2.715344477007699,-3.9724848895763243,-3.314306578758087
brightness,TTA + CBC,4,0,airplane,-2.72440983825981,-3.982283217129637,-3.3249429470840943
brightness,TTA + CBC,5,0,airplane,-2.732470328597521,-3.990832825736226,-3.3345482403914923
brightness,TTA + CBC,6,0,airplane,-2.739815328354289,-4.0000372864985225,-3.3443867161784366
brightness,TTA + CBC,7,0,airplane,-2.745437865737052,-4.009605416467776,-3.352814127169265
brightness,TTA + CBC,8,0,airplane,-2.7532236827017957,-4.017988578151607,-3.3624421493389374
brightness,TTA + CBC,9,0,airplane,-2.759356785036409,-4.0283363218602055,-3.3712888710316014
brightness,TTA + CBC,10,0,airplane,-2.7678868024638934,-4.036443544465297,-3.381645241114895
brightness,TTA + CBC,0,1,automobile,-4.933173543227618,1.2699658351720617,3.309856740460852
brightness,TTA + CBC,1,1,automobile,-4.945695713230515,1.275395916954492,3.3114341520108854
brightness,TTA + CBC,2,1,automobile,-4.959807589651311,1.2804218836191261,3.310758839642198
brightness,TTA + CBC,3,1,automobile,-4.972430522330022,1.2852921033542328,3.310469084943407
brightness,TTA + CBC,4,1,automobile,-4.985778835103463,1.2913120543818912,3.310474791101193
brightness,TTA + CBC,5,1,automobile,-4.9958420279354865,1.2957207192443907,3.3115259290040093
brightness,TTA + CBC,6,1,automobile,-5.007880853651603,1.3001690007427653,3.312596027511326
brightness,TTA + CBC,7,1,automobile,-5.0182434934168425,1.3039181046833874,3.3148512311868785
brightness,TTA + CBC,8,1,automobile,-5.027058824855041,1.3071476125474737,3.316724799979521
brightness,TTA + CBC,9,1,automobile,-5.039779133825384,1.3132209236233117,3.31776262318175
brightness,TTA + CBC,10,1,automobile,-5.049351376847986,1.317037503849167,3.3198569701041887
brightness,TTA + CBC,0,2,bird,2.3347608573351852,-2.694195664148897,0.08136523552981205
brightness,TTA + CBC,1,2,bird,2.34086008520419,-2.7034535751047657,0.07859736982131015
brightness,TTA + CBC,2,2,bird,2.347904216123983,-2.7120948245879744,0.07812330161118136
brightness,TTA + CBC,3,2,bird,2.35400998891624,-2.72015487088692,0.07635791602424559
brightness,TTA + CBC,4,2,bird,2.3606147142091296,-2.7294469518203677,0.07465793576964885
brightness,TTA + CBC,5,2,bird,2.3648567993926184,-2.7362570272976976,0.07110371662519767
brightness,TTA + CBC,6,2,bird,2.3695343020378594,-2.7444731535729017,0.07026363563885571
brightness,TTA + CBC,7,2,bird,2.3733014968238373,-2.752053447014702,0.06770448690996331
brightness,TTA + CBC,8,2,bird,2.3779486208327163,-2.760087764178503,0.06524960954095645
brightness,TTA + CBC,9,2,bird,2.3807475285330253,-2.7676835060997815,0.06214083323973198
brightness,TTA + CBC,10,2,bird,2.383617493589967,-2.7747115153982,0.059372013457521
brightness,TTA + CBC,0,3,cat,3.917526662386038,-0.12946815782917298,1.088742177711371
brightness,TTA + CBC,1,3,cat,3.927083970712975,-0.13057393897163727,1.0935837208635948
brightness,TTA + CBC,2,3,cat,3.9359601026791746,-0.1324577192107467,1.0992452567669047
brightness,TTA + CBC,3,3,cat,3.946903512138424,-0.13482984608139856,1.106066958166456
brightness,TTA + CBC,4,3,cat,3.9574276080643007,-0.13747294253274858,1.1127345721719752
brightness,TTA + CBC,5,3,cat,3.9680318441245794,-0.13970791429253684,1.1192979821464415
brightness,TTA + CBC,6,3,cat,3.9761197860463575,-0.14090134935682141,1.1238141864805529
brightness,TTA + CBC,7,3,cat,3.985602262169526,-0.1427265367437289,1.1297178272772963
brightness,TTA + CBC,8,3,cat,3.9944283599493193,-0.1436353516178666,1.133679253753993
brightness,TTA + CBC,9,3,cat,4.002332527186878,-0.14596050875586739,1.1389967450150025
brightness,TTA + CBC,10,3,cat,4.01119264330663,-0.1474041572383925,1.1443594090678553
brightness,TTA + CBC,0,4,deer,3.7410385932796193,2.3894387366885472,-1.1562539740139874
brightness,TTA + CBC,1,4,deer,3.7537300028002507,2.399670469848361,-1.164740010545948
brightness,TTA + CBC,2,4,deer,3.7645920468405705,2.4105336930034165,-1.1746306983243704
brightness,TTA + CBC,3,4,deer,3.771899185592205,2.4208967744812724,-1.1866573296988396
brightness,TTA + CBC,4,4,deer,3.7821851659684502,2.431271717259923,-1.1971086651479872
brightness,TTA + CBC,5,4,deer,3.7899625011204696,2.4417257717991094,-1.207416531881469
brightness,TTA + CBC,6,4,deer,3.7976509071191558,2.4526854934268485,-1.2190271097605896
brightness,TTA + CBC,7,4,deer,3.8046122019776343,2.46301742888529,-1.2303790437001223
brightness,TTA + CBC,8,4,deer,3.810907490753423,2.474098199609472,-1.2421201843155354
brightness,TTA + CBC,9,4,deer,3.820716448299675,2.4842388340569452,-1.252702049368298
brightness,TTA + CBC,10,4,deer,3.829503001404262,2.493375657135832,-1.2624934155443859
brightness,TTA + CBC,0,5,dog,3.9609527014892496,0.23611027928158404,1.1336685603866847
brightness,TTA + CBC,1,5,dog,3.9710363127368096,0.23904761112112535,1.1357694842568065
brightness,TTA + CBC,2,5,dog,3.979612215815607,0.24117826445996052,1.1384719268832142
brightness,TTA + CBC,3,5,dog,3.9885417763884026,0.24391508785147317,1.1397885522119018
brightness,TTA + CBC,4,5,dog,3.996566719639341,0.24577485035480567,1.1418791330414253
brightness,TTA + CBC,5,5,dog,4.0040227820890335,0.247244755432343,1.1432915835793647
brightness,TTA + CBC,6,5,dog,4.013697545700898,0.24956785876099952,1.1463076078565302
brightness,TTA + CBC,7,5,dog,4.020945147112719,0.2525470646353822,1.14795495348413
brightness,TTA + CBC,8,5,dog,4.027603139207544,0.2541648150099766,1.148911869319309
brightness,TTA + CBC,9,5,dog,4.036147862660282,0.2560498880314167,1.1511330301307832
brightness,TTA + CBC,10,5,dog,4.0447431035042705,0.2576203226342156,1.153587387496498
brightness,TTA + CBC,0,6,frog,3.6591377393069533,-1.9766608454714512,2.7349541183232673
brightness,TTA + CBC,1,6,frog,3.681893040393062,-1.995636647806463,2.7616977404063867
brightness,TTA + CBC,2,6,frog,3.7028031397414916,-2.0133382485554,2.7864514487268544
brightness,TTA + CBC,3,6,frog,3.7255025675199054,-2.032722902455404,2.814733696760974
brightness,TTA + CBC,4,6,frog,3.7434248069531324,-2.0492394543994146,2.837410507016027
brightness,TTA + CBC,5,6,frog,3.762579039716318,-2.0673442560708266,2.8622665149486455
brightness,TTA + CBC,6,6,frog,3.781100591164385,-2.083745384555245,2.8854990413212187
brightness,TTA + CBC,7,6,frog,3.7995362024165478,-2.1012562682336933,2.90922436157585
brightness,TTA + CBC,8,6,frog,3.820032569843169,-2.119863830806338,2.9351052622963496
brightness,TTA + CBC,9,6,frog,3.8380915327328387,-2.136828808910878,2.958386936586393
brightness,TTA + CBC,10,6,frog,3.853850306560227,-2.15284168821246,2.979812029467443
brightness,TTA + CBC,0,7,horse,1.3778717831164857,4.807334858604872,-3.4380893728418744
brightness,TTA + CBC,1,7,horse,1.382324668062206,4.8202544141105115,-3.450168269961231
brightness,TTA + CBC,2,7,horse,1.3862634486300356,4.831499762343054,-3.4610997155381993
brightness,TTA + CBC,3,7,horse,1.390414884088944,4.843169342250953,-3.4722254074423877
brightness,TTA + CBC,4,7,horse,1.395572505780779,4.855343291176525,-3.483253611004272
brightness,TTA + CBC,5,7,horse,1.4001020473023293,4.865984579549014,-3.491464131094638
brightness,TTA + CBC,6,7,horse,1.4039584051320333,4.876912463104166,-3.5011366270722046
brightness,TTA + CBC,7,7,horse,1.4079460612650867,4.888853526485689,-3.5109254026449093
brightness,TTA + CBC,8,7,horse,1.4113866895846745,4.901489945858019,-3.5219338263672353
brightness,TTA + CBC,9,7,horse,1.4155629989512106,4.914232870688656,-3.532720852426034
brightness,TTA + CBC,10,7,horse,1.4211028861221735,4.92632784468404,-3.5418442923431117
brightness,TTA + CBC,0,8,ship,-4.337924531924557,-1.6640168451029111,-2.6824509480734307
brightness,TTA + CBC,1,8,ship,-4.346760100758039,-1.6692170168682647,-2.6862042591528783
brightness,TTA + CBC,2,8,ship,-4.357851481128664,-1.6717824739506923,-2.6918285058829796
brightness,TTA + CBC,3,8,ship,-4.368304158615234,-1.6749256721209913,-2.6977175927320753
brightness,TTA + CBC,4,8,ship,-4.376036864075129,-1.6798422675788764,-2.7010834172822524
brightness,TTA + CBC,5,8,ship,-4.386930051607508,-1.682035546143568,-2.707222568742156
brightness,TTA + CBC,6,8,ship,-4.3951678728911805,-1.6855294649306571,-2.712042224934061
brightness,TTA + CBC,7,8,ship,-4.403415053670049,-1.6896093735662177,-2.7163785067940167
brightness,TTA + CBC,8,8,ship,-4.411938105029009,-1.6932821575218167,-2.7200514161876086
brightness,TTA + CBC,9,8,ship,-4.419727100331522,-1.6980526109707066,-2.7248991260048543
brightness,TTA + CBC,10,8,ship,-4.42756162037807,-1.7025000517892106,-2.729614444838449
brightness,TTA + CBC,0,9,truck,-7.311996669530972,1.841977911731101,1.9607343158065746
brightness,TTA + CBC,1,9,truck,-7.347790984769735,1.8564321497116476,1.9653576471611185
brightness,TTA + CBC,2,9,truck,-7.376166922689588,1.8679327933384453,1.9697772483870883
brightness,TTA + CBC,3,9,truck,-7.401942677104607,1.8789081728436698,1.9758766807666437
brightness,TTA + CBC,4,9,truck,-7.430327944575518,1.89161460874915,1.9815978388199174
brightness,TTA + CBC,5,9,truck,-7.455079684034938,1.9025451180474862,1.985538710191908
brightness,TTA + CBC,6,9,truck,-7.479955780576647,1.912402690593047,1.9904769496644987
brightness,TTA + CBC,7,9,truck,-7.505604173753487,1.923954224834233,1.9934295012228318
brightness,TTA + CBC,8,9,truck,-7.530832364073504,1.9349844226944242,1.999216345340535
brightness,TTA + CBC,9,9,truck,-7.555466486854278,1.9461571573848593,2.0055532764991377
brightness,TTA + CBC,10,9,truck,-7.5799737089146415,1.9565838439611025,2.0109850016219197
