method,corruption,severity,class_id,class_name,before_centroid_pc1,before_centroid_pc2,before_centroid_pc3,after_centroid_pc1,after_centroid_pc2,after_centroid_pc3,clean_centroid_pc1,clean_centroid_pc2,clean_centroid_pc3,text_pc1,text_pc2,text_pc3,before_to_after_pca_l2,after_to_clean_pca_l2,before_to_clean_pca_l2,after_to_text_pca_l2,before_to_text_pca_l2
clipartt,glass_blur,5,0,airplane,-0.1384383514794511,0.018745738133883028,-0.015160207658253502,-0.08928513214614728,0.06555817193859567,-0.10407691208111966,-0.1526510218105757,0.23482993885663558,-0.058771123095356176,0.05285131840964153,0.34885310458525876,-0.6358146759676291,0.11186430733246339,0.1863351323936049,0.22089883147086622,0.6190346024116106,0.7285427785821053
clipartt,glass_blur,5,1,automobile,-0.10457796296372865,-0.06103555786861236,0.031662114950223745,-0.0029180671747601004,0.012623590954006336,-0.04939125088325726,-0.09182483013206044,0.2367267404911904,-0.011583371265891127,0.07861623961486898,0.3095492638039148,-0.5986319668492349,0.14943243533461115,0.2440411233648795,0.3011564390804264,0.6296650398869672,0.7537664462311185
clipartt,glass_blur,5,2,bird,-0.034064129830631666,-0.08537937341785401,-0.0043740004829934875,0.10135589523109412,-0.007375927710875902,-0.06051912824798089,0.021830024670870796,0.1826465119083902,0.009656762994439242,0.1670154768264683,0.30276931786577566,-0.5910231004339257,0.16605841171595817,0.21761789301178108,0.27415122475764087,0.6180094809257758,0.7316075322410284
clipartt,glass_blur,5,3,cat,-0.006297866540180677,-0.041650743528456755,0.08244851928475472,0.17516170216021443,0.06084966246356782,0.07035358909502787,0.09459378398256432,0.19448738699519613,0.1281754907798069,0.206638369253685,0.33324633586800007,-0.5123271294791586,0.20875870194499113,0.16641395125384212,0.2608281000094099,0.6439779095988032,0.7346071964094744
clipartt,glass_blur,5,4,deer,-0.005785744024150518,-0.08072865999642334,0.01128450438118542,0.12243810865926069,-0.0036905895814568317,-0.04271444733014586,0.0012596669146214302,0.18971064512532226,0.016717854683199564,0.20267434272933163,0.2932144880273122,-0.5847530854702961,0.15903492533453514,0.23583988393054106,0.2705856183641939,0.6232145405913161,0.7338595875500529
clipartt,glass_blur,5,5,dog,0.034240609617752396,-0.007270289524372316,0.10167653583602526,0.21147457144476098,0.10773192281122149,0.09830162137004148,0.11309053857612458,0.23405639288643681,0.14558012978592366,0.21930657209681026,0.3283677185603934,-0.5217898498654578,0.21130257006158548,0.16695073231738622,0.25764977101069864,0.6582210322521532,0.7318555984885814
clipartt,glass_blur,5,6,frog,0.009223924504268117,-0.09223505213506694,0.02169873784422861,0.174534463349925,-0.017275439882239722,-0.027114186115007863,0.03862389944336966,0.13829126955913743,0.048856798157686745,0.18359364458186556,0.2874469110813151,-0.5564314054326265,0.1879606854317834,0.22010059727128806,0.2339750067000085,0.6108309902153664,0.7133005362658175
clipartt,glass_blur,5,7,horse,-0.038351381174151655,-0.055001200282244436,0.01272800693354537,0.07339818724117861,0.039263606027233305,-0.02948117378421681,-0.028660158296990163,0.24066504087830737,0.044311223271058214,0.16637992611756003,0.29441152704680607,-0.5892623865650897,0.15216909898675435,0.23753686391215795,0.29750621088825446,0.6221744703437377,0.7255319400753768
clipartt,glass_blur,5,8,ship,-0.17318593346594685,0.004705925184509399,0.02280324155781674,-0.1280572245412672,0.0742459262786387,-0.06034690774337348,-0.19033998333963315,0.2712150110357834,-0.006012221758141555,0.04131918161471262,0.30268581125449867,-0.6135427023711073,0.1174153288552657,0.2136076321078356,0.26861065726151667,0.622011844906437,0.7346704140312472
clipartt,glass_blur,5,9,truck,-0.14022527621782496,-0.02226274857414843,0.05204584842906346,-0.05391651920803769,0.024703894605929193,-0.0435053808400796,-0.12878085049460425,0.2765475532689702,-0.040267203181791354,0.07983339869067455,0.3039280752229431,-0.6069425026663124,0.13705876302894163,0.262755365886822,0.31295410344876184,0.6428970165049642,0.7675232379617651
