corruption,CLIP,CLIP + CBC,CLIP + CBC_delta_vs_clip,CBC Offline,CBC Offline_delta_vs_clip,CBC Offline_minus_Online CBC
brightness,83.41000080108643,86.69999837875366,3.2899975776672363,86.69000267982483,3.2700002193450928,-0.009995698928833008
contrast,61.94000244140625,66.92000031471252,4.979997873306274,67.12999939918518,5.189996957778931,0.20999908447265625
defocus_blur,70.05000114440918,74.66999888420105,4.61999773979187,74.90000128746033,4.839998483657837,0.23000240325927734
elastic_transform,53.15999984741211,60.9000027179718,7.740002870559692,60.9499990940094,7.770001888275146,0.049996376037597656
fog,68.43000054359436,73.01999926567078,4.589998722076416,73.05999994277954,4.610002040863037,0.04000067710876465
frost,76.62000060081482,79.2900025844574,2.670001983642578,79.58999872207642,2.9799997806549072,0.29999613761901855
gaussian_noise,37.83000111579895,48.39999973773956,10.569998621940613,48.55999946594238,10.830000042915344,0.15999972820281982
glass_blur,42.1999990940094,48.05000126361847,5.85000216960907,48.08000028133392,5.900001525878906,0.0299990177154541
impulse_noise,51.71999931335449,62.62999773025513,10.909998416900637,62.940001487731934,11.169999837875366,0.31000375747680664
jpeg_compression,56.129997968673706,62.44000196456909,6.310003995895386,62.709999084472656,6.56999945640564,0.26999711990356445
motion_blur,65.88000059127808,72.61999845504761,6.739997863769531,72.85000085830688,6.980001926422119,0.23000240325927734
pixelate,48.44000041484833,57.33000040054321,8.889999985694885,57.45000243186951,8.970001339912415,0.12000203132629395
shot_noise,41.19000136852264,52.82999873161316,11.639997363090515,52.85999774932861,11.689996719360352,0.0299990177154541
snow,73.30999970436096,77.71000266075134,4.400002956390381,77.68999934196472,4.39000129699707,-0.020003318786621094
zoom_blur,72.54999876022339,77.36999988555908,4.820001125335693,77.50999927520752,4.94999885559082,0.1399993896484375
