class_id,class_name,point_type,pc1,pc2,pc3
0,airplane,clean_centroid,-0.15821481,-0.14014447,-0.02128075
0,airplane,corrupted_centroid,0.12393059,-0.08960526,0.02984680
0,airplane,text_prototype,-0.12656823,-0.05404724,-0.21295777
1,automobile,clean_centroid,-0.25614238,-0.10489270,-0.06043712
1,automobile,corrupted_centroid,0.18450050,-0.07733243,0.03858852
1,automobile,text_prototype,-0.14200565,-0.05166925,-0.24871582
2,bird,clean_centroid,-0.11154436,0.08869240,-0.02326425
2,bird,corrupted_centroid,0.22162047,0.00441642,-0.04179144
2,bird,text_prototype,-0.09918517,0.05685828,-0.24400154
3,cat,clean_centroid,-0.12212081,0.20355207,0.08735092
3,cat,corrupted_centroid,0.18186983,0.01070171,0.03911183
3,cat,text_prototype,-0.11769699,0.10788776,-0.18187124
4,deer,clean_centroid,-0.13025159,0.10886718,0.02226116
4,deer,corrupted_centroid,0.23184153,0.02493185,-0.04847454
4,deer,text_prototype,-0.10902441,0.09890295,-0.23706567
5,dog,clean_centroid,-0.15510359,0.22828236,0.06408573
5,dog,corrupted_centroid,0.16300043,0.07997079,0.01953666
5,dog,text_prototype,-0.10950199,0.11886308,-0.20488164
6,frog,clean_centroid,-0.04441700,0.12196574,0.04423311
6,frog,corrupted_centroid,0.23130287,0.01184340,-0.03124473
6,frog,text_prototype,-0.07438445,0.08427902,-0.21365553
7,horse,clean_centroid,-0.22241929,0.10189255,0.03796141
7,horse,corrupted_centroid,0.19171160,0.00624785,-0.01565642
7,horse,text_prototype,-0.10950342,0.08887495,-0.22432695
8,ship,clean_centroid,-0.21476462,-0.17987105,0.06173735
8,ship,corrupted_centroid,0.11652094,-0.12326149,0.08668062
8,ship,text_prototype,-0.10395667,-0.07722858,-0.19882205
9,truck,clean_centroid,-0.26920256,-0.17608365,-0.09304534
9,truck,corrupted_centroid,0.16617201,-0.09870046,0.05592133
9,truck,text_prototype,-0.12935577,-0.07266485,-0.27896249
