corruption,severity,global_covariance_similarity,global_covariance_distance,within_class_covariance_similarity,within_class_covariance_distance,class_centroid_geometry_similarity,class_centroid_geometry_distance,mean_center_l2
brightness,5,0.9244681596755981,0.07553184032440186,0.8673956990242004,0.13260430097579956,0.9685248136520386,0.031475186347961426,0.13200891017913818
contrast,5,0.5459158420562744,0.4540841579437256,0.49100714921951294,0.5089928507804871,0.7611665725708008,0.23883342742919922,0.3629993200302124
defocus_blur,5,0.7377220988273621,0.26227790117263794,0.6191705465316772,0.38082945346832275,0.8854964375495911,0.11450356245040894,0.33248162269592285
elastic_transform,5,0.6489003896713257,0.3510996103286743,0.689644455909729,0.310355544090271,0.7705844640731812,0.22941553592681885,0.24445444345474243
fog,5,0.7770260572433472,0.22297394275665283,0.7491667866706848,0.2508332133293152,0.8841835260391235,0.11581647396087646,0.22303608059883118
frost,5,0.8487125635147095,0.15128743648529053,0.7790979743003845,0.22090202569961548,0.9373175501823425,0.06268244981765747,0.17447000741958618
gaussian_noise,5,0.48957768082618713,0.5104223191738129,0.4802669882774353,0.5197330117225647,0.6554542779922485,0.34454572200775146,0.372501939535141
glass_blur,5,0.4768736660480499,0.5231263339519501,0.528454601764679,0.47154539823532104,0.5932654738426208,0.40673452615737915,0.3372351825237274
impulse_noise,5,0.6116061806678772,0.3883938193321228,0.44796743988990784,0.5520325601100922,0.7858921885490417,0.21410781145095825,0.4056170582771301
jpeg_compression,5,0.7263250350952148,0.27367496490478516,0.684161365032196,0.31583863496780396,0.8571153283119202,0.14288467168807983,0.292114794254303
motion_blur,5,0.7940943241119385,0.20590567588806152,0.7412795424461365,0.2587204575538635,0.8912509679794312,0.10874903202056885,0.254852294921875
pixelate,5,0.5025400519371033,0.49745994806289673,0.49685221910476685,0.5031477808952332,0.6658613681793213,0.3341386318206787,0.3994032144546509
shot_noise,5,0.5071148872375488,0.49288511276245117,0.4846969544887543,0.5153030455112457,0.6805633902549744,0.31943660974502563,0.36609944701194763
snow,5,0.8974533677101135,0.10254663228988647,0.8560497164726257,0.14395028352737427,0.948523223400116,0.05147677659988403,0.14865514636039734
zoom_blur,5,0.7852579355239868,0.21474206447601318,0.6863247156143188,0.31367528438568115,0.9035437703132629,0.09645622968673706,0.29512012004852295
