corruption,class_id,class_name,raw_pc1,raw_pc2,raw_pc3,cbc_pc1,cbc_pc2,cbc_pc3,text_pc1,text_pc2,text_pc3,raw_to_cbc_pca_l2,cbc_to_text_pca_l2,raw_to_text_pca_l2
brightness,0,airplane,-0.10581962697708286,-0.09347247649463354,-0.037089350273729976,-0.12648764703059293,0.1356313114399762,-0.02368952461771541,-0.03595313063759461,-0.8422040363269995,-0.10689437178074782,0.23042410469942268,0.985536154888546,0.755217198577574
brightness,1,automobile,-0.15506329786753065,-0.1407256783849706,-0.08221499503289886,-0.1757313329511338,0.08837812131114862,-0.06881517007049791,-0.055919494729691925,-0.9379380826913495,-0.14441574258864823,0.2304241177013369,1.0360479109293983,0.8057580556699919
brightness,2,bird,0.07880477769809435,-0.11553067122560187,0.052410860231117344,0.05813674612946667,0.11357311877008762,0.06581067934883394,0.07495841045676362,-0.9156482798425715,-0.05789401274097989,0.23042410740132704,1.036765405768332,0.8076943401815341
brightness,3,cat,0.16779228444223593,-0.09685634262622644,-0.06473254934071948,0.14712424135374774,0.13224745425130408,-0.05133272255931058,0.10453358061454593,-0.8961105443164221,-0.0920001864238787,0.2304241157226824,1.0300427079580716,0.8022172190631975
brightness,4,deer,0.08714391971976221,-0.12791486804881136,0.12252154646184917,0.06647588658283587,0.10118894338573294,0.13592137849416477,0.09014977863214721,-0.8781318951696806,0.0195806111016141,0.23042412960902897,0.9864912225413506,0.7572525728861648
brightness,5,dog,0.18198521670028459,-0.0994768579657461,-0.06264822570246369,0.16131717507194576,0.12962693196424405,-0.04924840625320812,0.10793115215609668,-0.9202691366745772,-0.0760717605094715,0.23042410825759627,1.0515946532383953,0.824235500661228
brightness,6,frog,0.13117486687050248,-0.09997200413242469,-0.03933061876460108,0.11050685175466915,0.12913179424988344,-0.025930801577610702,0.09701824695655391,-0.8157588065353709,-0.14432402898411065,0.23042411415187078,0.952374477927378,0.724252053754563
brightness,7,horse,0.057557478800900785,-0.11638828779468308,0.12852375089514317,0.036889442623844734,0.11271549962907781,0.1419235857550912,0.08745069233006406,-0.9197898189223659,0.02098853216998179,0.23042410617294753,1.0407924673029232,0.8111174068528386
brightness,8,ship,-0.16137783187166416,-0.10987671616133338,-0.0076242190399997255,-0.18204584847994837,0.11922708253801538,0.005775602689198375,-0.04655573572151374,-0.8845437451571906,-0.12877399345520596,0.2304241148651033,1.0217715199641428,0.79244582617264
brightness,9,truck,-0.1797149254625066,-0.12318295996075371,-0.07466778972876968,-0.2003829648298247,0.10592083359223024,-0.061267956775420546,-0.07898091283213526,-0.8826995559710218,-0.15350235439163396,0.23042411244232872,1.0003079110919155,0.7702127559974737
