setting,method,top1,delta_vs_clip,num_samples,batch_size,top1_std,corruption
severity5:brightness,CLIP,83.41000080108643,0.0,10000,,,brightness
severity5:brightness,CLIP + CBC,86.69999837875366,3.2899975776672363,10000,128,,brightness
severity5:brightness,CALIP,80.57000041007996,-2.8400003910064697,10000,,,brightness
severity5:brightness,WaffleCLIP,85.72285686220441,2.3128560611179836,10000,,0.09238262046663531,brightness
severity5:brightness,CuPL,85.92000007629395,2.5099992752075195,10000,,,brightness
severity5:contrast,CLIP,61.94000244140625,0.0,10000,,,contrast
severity5:contrast,CLIP + CBC,66.92000031471252,4.979997873306274,10000,128,,contrast
severity5:contrast,CALIP,60.7200026512146,-1.2199997901916504,10000,,,contrast
severity5:contrast,WaffleCLIP,62.015715667179656,0.07571322577340567,10000,,0.4746985355385916,contrast
severity5:contrast,CuPL,63.23000192642212,1.2899994850158691,10000,,,contrast
severity5:defocus_blur,CLIP,70.05000114440918,0.0,10000,,,defocus_blur
severity5:defocus_blur,CLIP + CBC,74.66999888420105,4.61999773979187,10000,128,,defocus_blur
severity5:defocus_blur,CALIP,66.43999814987183,-3.6100029945373535,10000,,,defocus_blur
severity5:defocus_blur,WaffleCLIP,73.21571452277047,3.165713378361289,10000,,0.2849980306980769,defocus_blur
severity5:defocus_blur,CuPL,71.96999788284302,1.919996738433838,10000,,,defocus_blur
severity5:elastic_transform,CLIP,53.15999984741211,0.0,10000,,,elastic_transform
severity5:elastic_transform,CLIP + CBC,60.9000027179718,7.740002870559692,10000,128,,elastic_transform
severity5:elastic_transform,CALIP,49.12000000476837,-4.039999842643738,10000,,,elastic_transform
severity5:elastic_transform,WaffleCLIP,56.53285724776132,3.3728574003492113,10000,,0.26990535596373333,elastic_transform
severity5:elastic_transform,CuPL,56.70999884605408,3.5499989986419678,10000,,,elastic_transform
severity5:fog,CLIP,68.43000054359436,0.0,10000,,,fog
severity5:fog,CLIP + CBC,73.01999926567078,4.589998722076416,10000,128,,fog
severity5:fog,CALIP,65.2999997138977,-3.1300008296966553,10000,,,fog
severity5:fog,WaffleCLIP,72.28571431977409,3.8557137761797264,10000,,0.3403310203096718,fog
severity5:fog,CuPL,70.59999704360962,2.169996500015259,10000,,,fog
severity5:frost,CLIP,76.62000060081482,0.0,10000,,,frost
severity5:frost,CLIP + CBC,79.2900025844574,2.670001983642578,10000,128,,frost
severity5:frost,CALIP,73.14000129699707,-3.479999303817749,10000,,,frost
severity5:frost,WaffleCLIP,79.58571570260185,2.9657151017870262,10000,,0.18422452404379402,frost
severity5:frost,CuPL,78.21000218391418,1.5900015830993652,10000,,,frost
severity5:gaussian_noise,CLIP,37.83000111579895,0.0,10000,,,gaussian_noise
severity5:gaussian_noise,CLIP + CBC,48.39999973773956,10.569998621940613,10000,128,,gaussian_noise
severity5:gaussian_noise,CALIP,37.09000051021576,-0.7400006055831909,10000,,,gaussian_noise
severity5:gaussian_noise,WaffleCLIP,39.4700003521783,1.639999236379353,10000,,0.48329265666866983,gaussian_noise
severity5:gaussian_noise,CuPL,41.98000133037567,4.150000214576721,10000,,,gaussian_noise
severity5:glass_blur,CLIP,42.1999990940094,0.0,10000,,,glass_blur
severity5:glass_blur,CLIP + CBC,48.05000126361847,5.85000216960907,10000,128,,glass_blur
severity5:glass_blur,CALIP,39.53000009059906,-2.6699990034103394,10000,,,glass_blur
severity5:glass_blur,WaffleCLIP,43.62142894949232,1.42142985548292,10000,,0.5859650909049231,glass_blur
severity5:glass_blur,CuPL,40.75999855995178,-1.4400005340576172,10000,,,glass_blur
severity5:impulse_noise,CLIP,51.71999931335449,0.0,10000,,,impulse_noise
severity5:impulse_noise,CLIP + CBC,62.62999773025513,10.909998416900635,10000,128,,impulse_noise
severity5:impulse_noise,CALIP,48.649999499320984,-3.0699998140335083,10000,,,impulse_noise
severity5:impulse_noise,WaffleCLIP,58.0971428326198,6.37714351926531,10000,,0.24771695721081194,impulse_noise
severity5:impulse_noise,CuPL,59.460002183914185,7.740002870559692,10000,,,impulse_noise
severity5:jpeg_compression,CLIP,56.129997968673706,0.0,10000,,,jpeg_compression
severity5:jpeg_compression,CLIP + CBC,62.44000196456909,6.310003995895386,10000,128,,jpeg_compression
severity5:jpeg_compression,CALIP,53.22999954223633,-2.899998426437378,10000,,,jpeg_compression
severity5:jpeg_compression,WaffleCLIP,62.100000040871755,5.970002072198049,10000,,0.2170576329395807,jpeg_compression
severity5:jpeg_compression,CuPL,60.07999777793884,3.9499998092651367,10000,,,jpeg_compression
severity5:motion_blur,CLIP,65.88000059127808,0.0,10000,,,motion_blur
severity5:motion_blur,CLIP + CBC,72.61999845504761,6.739997863769531,10000,128,,motion_blur
severity5:motion_blur,CALIP,62.33000159263611,-3.5499989986419678,10000,,,motion_blur
severity5:motion_blur,WaffleCLIP,70.79142842973981,4.911427838461734,10000,,0.3642378190380442,motion_blur
severity5:motion_blur,CuPL,70.87000012397766,4.989999532699585,10000,,,motion_blur
severity5:pixelate,CLIP,48.44000041484833,0.0,10000,,,pixelate
severity5:pixelate,CLIP + CBC,57.33000040054321,8.889999985694885,10000,128,,pixelate
severity5:pixelate,CALIP,45.55000066757202,-2.889999747276306,10000,,,pixelate
severity5:pixelate,WaffleCLIP,49.38000057424818,0.940000159399851,10000,,0.25562250288735944,pixelate
severity5:pixelate,CuPL,49.99000132083893,1.5500009059906006,10000,,,pixelate
severity5:shot_noise,CLIP,41.190001368522644,0.0,10000,,,shot_noise
severity5:shot_noise,CLIP + CBC,52.82999873161316,11.639997363090515,10000,128,,shot_noise
severity5:shot_noise,CALIP,39.77999985218048,-1.410001516342163,10000,,,shot_noise
severity5:shot_noise,WaffleCLIP,44.34142879077366,3.151427422251018,10000,,0.49849533168498833,shot_noise
severity5:shot_noise,CuPL,46.84000015258789,5.649998784065247,10000,,,shot_noise
severity5:snow,CLIP,73.30999970436096,0.0,10000,,,snow
severity5:snow,CLIP + CBC,77.71000266075134,4.400002956390381,10000,128,,snow
severity5:snow,CALIP,69.9500024318695,-3.359997272491455,10000,,,snow
severity5:snow,WaffleCLIP,76.0914283139365,2.781428609575542,10000,,0.1928304239048232,snow
severity5:snow,CuPL,75.01999735832214,1.7099976539611816,10000,,,snow
severity5:zoom_blur,CLIP,72.54999876022339,0.0,10000,,,zoom_blur
severity5:zoom_blur,CLIP + CBC,77.36999988555908,4.820001125335693,10000,128,,zoom_blur
severity5:zoom_blur,CALIP,69.6399986743927,-2.9100000858306885,10000,,,zoom_blur
severity5:zoom_blur,WaffleCLIP,74.81285759380886,2.2628588335854687,10000,,0.16602304017472905,zoom_blur
severity5:zoom_blur,CuPL,74.51000213623047,1.96000337600708,10000,,,zoom_blur
