corruption,CLIP,CLIP + CBC,CLIP + CBC_delta_vs_clip,CALIP,CALIP_delta_vs_clip,WaffleCLIP,WaffleCLIP_delta_vs_clip,CuPL,CuPL_delta_vs_clip
brightness,83.41000080108643,86.69999837875366,3.2899975776672363,80.57000041007996,-2.8400003910064697,85.72285686220441,2.3128560611179836,85.92000007629395,2.5099992752075195
contrast,61.94000244140625,66.92000031471252,4.979997873306274,60.7200026512146,-1.2199997901916504,62.015715667179656,0.07571322577340567,63.23000192642212,1.2899994850158691
defocus_blur,70.05000114440918,74.66999888420105,4.61999773979187,66.43999814987183,-3.6100029945373535,73.21571452277047,3.165713378361289,71.96999788284302,1.919996738433838
elastic_transform,53.15999984741211,60.9000027179718,7.740002870559692,49.12000000476837,-4.039999842643738,56.53285724776132,3.3728574003492113,56.70999884605408,3.5499989986419678
fog,68.43000054359436,73.01999926567078,4.589998722076416,65.2999997138977,-3.1300008296966553,72.28571431977409,3.8557137761797264,70.59999704360962,2.169996500015259
frost,76.62000060081482,79.2900025844574,2.670001983642578,73.14000129699707,-3.479999303817749,79.58571570260185,2.9657151017870262,78.21000218391418,1.5900015830993652
gaussian_noise,37.83000111579895,48.39999973773956,10.569998621940613,37.09000051021576,-0.7400006055831909,39.4700003521783,1.639999236379353,41.98000133037567,4.150000214576721
glass_blur,42.1999990940094,48.05000126361847,5.85000216960907,39.53000009059906,-2.6699990034103394,43.62142894949232,1.42142985548292,40.75999855995178,-1.4400005340576172
impulse_noise,51.71999931335449,62.62999773025513,10.909998416900635,48.649999499320984,-3.0699998140335083,58.0971428326198,6.37714351926531,59.460002183914185,7.740002870559692
jpeg_compression,56.129997968673706,62.44000196456909,6.310003995895386,53.22999954223633,-2.899998426437378,62.100000040871755,5.970002072198049,60.07999777793884,3.9499998092651367
motion_blur,65.88000059127808,72.61999845504761,6.739997863769531,62.33000159263611,-3.5499989986419678,70.79142842973981,4.911427838461734,70.87000012397766,4.989999532699585
pixelate,48.44000041484833,57.33000040054321,8.889999985694885,45.55000066757202,-2.889999747276306,49.38000057424818,0.940000159399851,49.99000132083893,1.5500009059906006
shot_noise,41.190001368522644,52.82999873161316,11.639997363090515,39.77999985218048,-1.410001516342163,44.34142879077366,3.151427422251018,46.84000015258789,5.649998784065247
snow,73.30999970436096,77.71000266075134,4.400002956390381,69.9500024318695,-3.359997272491455,76.0914283139365,2.781428609575542,75.01999735832214,1.7099976539611816
zoom_blur,72.54999876022339,77.36999988555908,4.820001125335693,69.6399986743927,-2.9100000858306885,74.81285759380886,2.2628588335854687,74.51000213623047,1.96000337600708
