corruption,CLIP,clipartt,clipartt+CBC,unient,unient+CBC,stamp,stamp+CBC,tda,tda+CBC,adacontrast,adacontrast+CBC,watt,watt+CBC,watt_otsu,watt_otsu+CBC,watt_unient,watt_unient+CBC,etta,etta+CBC
brightness,83.42000246047974,84.42,85.28,89.52,86.09,83.4,86.51,85.46,86.98,77.29,83.44,89.79,89.41,85.05,87.26,89.59,89.48,86.6,87.17
contrast,61.94000244140625,70.28,75.0,86.73,82.23,61.93,67.06,62.4,67.09,58.36,58.93,80.0,78.44,70.08,71.74,82.84,78.29,64.45,67.23
defocus_blur,70.06000280380249,69.42,72.45,82.13,78.4,70.06,74.66,72.41,75.2,70.09,74.68,54.81,75.82,69.02,72.36,68.95,76.27,72.54,74.67
elastic_transform,53.17999720573425,63.9,66.89,74.1,72.84,53.17,60.6,57.46,60.2,53.23,60.65,34.33,71.95,57.48,66.18,49.99,72.11,55.86,60.04
fog,68.4499979019165,73.27,77.46,83.71,80.11,68.41,73.06,70.89,72.9,68.46,73.34,68.05,81.53,71.49,72.22,77.12,81.61,69.02,72.18
frost,76.60999894142151,76.87,77.16,83.56,79.9,76.55,79.41,78.21,79.48,76.73,79.65,78.11,82.15,78.16,78.61,80.68,82.63,77.99,79.26
gaussian_noise,37.72999942302704,56.97,62.37,69.99,67.5,37.77,48.22,37.46,47.0,38.07,48.52,41.03,65.15,51.76,59.35,54.02,65.39,40.12,49.71
glass_blur,42.17999875545502,57.35,61.3,70.93,67.61,42.21,47.9,43.2,47.35,42.35,48.05,21.12,61.68,48.67,56.12,34.49,61.76,44.14,48.32
impulse_noise,51.77000164985657,64.14,66.69,75.43,72.39,51.7,62.95,55.67,61.27,51.88,63.09,34.75,71.03,58.94,67.48,50.73,72.02,54.9,63.9
jpeg_compression,56.13999962806702,59.82,64.36,73.21,67.35,56.08,62.44,57.7,62.47,56.33,62.52,36.29,67.04,61.35,65.1,53.98,67.12,57.59,62.17
motion_blur,65.86999893188477,69.68,74.06,80.65,77.97,65.86,72.69,67.71,72.77,66.17,72.64,38.36,78.39,68.21,75.67,71.48,78.4,67.78,73.76
pixelate,48.48000109195709,66.02,69.88,78.92,78.35,48.47,57.21,46.76,56.25,48.6,57.18,38.14,70.32,55.63,63.57,53.72,70.05,49.42,57.23
shot_noise,41.17000102996826,60.1,64.54,72.2,69.66,41.17,52.73,42.6,52.5,41.56,52.95,40.17,68.87,54.93,59.54,58.88,69.21,43.32,53.15
snow,73.29999804496765,75.74,76.98,84.54,79.76,73.3,77.51,75.68,77.65,73.41,77.65,72.94,83.11,74.99,76.37,77.63,83.38,75.24,77.69
zoom_blur,72.5600004196167,72.67,76.65,83.51,79.5,72.46,77.59,74.03,77.74,72.63,77.45,63.35,79.05,71.02,75.86,68.46,79.0,75.13,78.17
