corruption,method,family,cbc_applied,top1
brightness,CLIP,clip_zero_shot,False,83.42000246047974
brightness,clipartt,tta_raw,False,84.42
brightness,clipartt+CBC,tta_cbc,True,85.28
brightness,unient,tta_raw,False,89.52
brightness,unient+CBC,tta_cbc,True,86.09
brightness,stamp,tta_raw,False,83.4
brightness,stamp+CBC,tta_cbc,True,86.51
brightness,tda,tta_raw,False,85.46
brightness,tda+CBC,tta_cbc,True,86.98
brightness,adacontrast,tta_raw,False,77.29
brightness,adacontrast+CBC,tta_cbc,True,83.44
brightness,watt,tta_raw,False,89.79
brightness,watt+CBC,tta_cbc,True,89.41
brightness,watt_otsu,tta_raw,False,85.05
brightness,watt_otsu+CBC,tta_cbc,True,87.26
brightness,watt_unient,tta_raw,False,89.59
brightness,watt_unient+CBC,tta_cbc,True,89.48
brightness,etta,tta_raw,False,86.6
brightness,etta+CBC,tta_cbc,True,87.17
contrast,CLIP,clip_zero_shot,False,61.94000244140625
contrast,clipartt,tta_raw,False,70.28
contrast,clipartt+CBC,tta_cbc,True,75.0
contrast,unient,tta_raw,False,86.73
contrast,unient+CBC,tta_cbc,True,82.23
contrast,stamp,tta_raw,False,61.93
contrast,stamp+CBC,tta_cbc,True,67.06
contrast,tda,tta_raw,False,62.4
contrast,tda+CBC,tta_cbc,True,67.09
contrast,adacontrast,tta_raw,False,58.36
contrast,adacontrast+CBC,tta_cbc,True,58.93
contrast,watt,tta_raw,False,80.0
contrast,watt+CBC,tta_cbc,True,78.44
contrast,watt_otsu,tta_raw,False,70.08
contrast,watt_otsu+CBC,tta_cbc,True,71.74
contrast,watt_unient,tta_raw,False,82.84
contrast,watt_unient+CBC,tta_cbc,True,78.29
contrast,etta,tta_raw,False,64.45
contrast,etta+CBC,tta_cbc,True,67.23
defocus_blur,CLIP,clip_zero_shot,False,70.06000280380249
defocus_blur,clipartt,tta_raw,False,69.42
defocus_blur,clipartt+CBC,tta_cbc,True,72.45
defocus_blur,unient,tta_raw,False,82.13
defocus_blur,unient+CBC,tta_cbc,True,78.4
defocus_blur,stamp,tta_raw,False,70.06
defocus_blur,stamp+CBC,tta_cbc,True,74.66
defocus_blur,tda,tta_raw,False,72.41
defocus_blur,tda+CBC,tta_cbc,True,75.2
defocus_blur,adacontrast,tta_raw,False,70.09
defocus_blur,adacontrast+CBC,tta_cbc,True,74.68
defocus_blur,watt,tta_raw,False,54.81
defocus_blur,watt+CBC,tta_cbc,True,75.82
defocus_blur,watt_otsu,tta_raw,False,69.02
defocus_blur,watt_otsu+CBC,tta_cbc,True,72.36
defocus_blur,watt_unient,tta_raw,False,68.95
defocus_blur,watt_unient+CBC,tta_cbc,True,76.27
defocus_blur,etta,tta_raw,False,72.54
defocus_blur,etta+CBC,tta_cbc,True,74.67
elastic_transform,CLIP,clip_zero_shot,False,53.17999720573425
elastic_transform,clipartt,tta_raw,False,63.9
elastic_transform,clipartt+CBC,tta_cbc,True,66.89
elastic_transform,unient,tta_raw,False,74.1
elastic_transform,unient+CBC,tta_cbc,True,72.84
elastic_transform,stamp,tta_raw,False,53.17
elastic_transform,stamp+CBC,tta_cbc,True,60.6
elastic_transform,tda,tta_raw,False,57.46
elastic_transform,tda+CBC,tta_cbc,True,60.2
elastic_transform,adacontrast,tta_raw,False,53.23
elastic_transform,adacontrast+CBC,tta_cbc,True,60.65
elastic_transform,watt,tta_raw,False,34.33
elastic_transform,watt+CBC,tta_cbc,True,71.95
elastic_transform,watt_otsu,tta_raw,False,57.48
elastic_transform,watt_otsu+CBC,tta_cbc,True,66.18
elastic_transform,watt_unient,tta_raw,False,49.99
elastic_transform,watt_unient+CBC,tta_cbc,True,72.11
elastic_transform,etta,tta_raw,False,55.86
elastic_transform,etta+CBC,tta_cbc,True,60.04
fog,CLIP,clip_zero_shot,False,68.4499979019165
fog,clipartt,tta_raw,False,73.27
fog,clipartt+CBC,tta_cbc,True,77.46
fog,unient,tta_raw,False,83.71
fog,unient+CBC,tta_cbc,True,80.11
fog,stamp,tta_raw,False,68.41
fog,stamp+CBC,tta_cbc,True,73.06
fog,tda,tta_raw,False,70.89
fog,tda+CBC,tta_cbc,True,72.9
fog,adacontrast,tta_raw,False,68.46
fog,adacontrast+CBC,tta_cbc,True,73.34
fog,watt,tta_raw,False,68.05
fog,watt+CBC,tta_cbc,True,81.53
fog,watt_otsu,tta_raw,False,71.49
fog,watt_otsu+CBC,tta_cbc,True,72.22
fog,watt_unient,tta_raw,False,77.12
fog,watt_unient+CBC,tta_cbc,True,81.61
fog,etta,tta_raw,False,69.02
fog,etta+CBC,tta_cbc,True,72.18
frost,CLIP,clip_zero_shot,False,76.60999894142151
frost,clipartt,tta_raw,False,76.87
frost,clipartt+CBC,tta_cbc,True,77.16
frost,unient,tta_raw,False,83.56
frost,unient+CBC,tta_cbc,True,79.9
frost,stamp,tta_raw,False,76.55
frost,stamp+CBC,tta_cbc,True,79.41
frost,tda,tta_raw,False,78.21
frost,tda+CBC,tta_cbc,True,79.48
frost,adacontrast,tta_raw,False,76.73
frost,adacontrast+CBC,tta_cbc,True,79.65
frost,watt,tta_raw,False,78.11
frost,watt+CBC,tta_cbc,True,82.15
frost,watt_otsu,tta_raw,False,78.16
frost,watt_otsu+CBC,tta_cbc,True,78.61
frost,watt_unient,tta_raw,False,80.68
frost,watt_unient+CBC,tta_cbc,True,82.63
frost,etta,tta_raw,False,77.99
frost,etta+CBC,tta_cbc,True,79.26
gaussian_noise,CLIP,clip_zero_shot,False,37.72999942302704
gaussian_noise,clipartt,tta_raw,False,56.97
gaussian_noise,clipartt+CBC,tta_cbc,True,62.37
gaussian_noise,unient,tta_raw,False,69.99
gaussian_noise,unient+CBC,tta_cbc,True,67.5
gaussian_noise,stamp,tta_raw,False,37.77
gaussian_noise,stamp+CBC,tta_cbc,True,48.22
gaussian_noise,tda,tta_raw,False,37.46
gaussian_noise,tda+CBC,tta_cbc,True,47.0
gaussian_noise,adacontrast,tta_raw,False,38.07
gaussian_noise,adacontrast+CBC,tta_cbc,True,48.52
gaussian_noise,watt,tta_raw,False,41.03
gaussian_noise,watt+CBC,tta_cbc,True,65.15
gaussian_noise,watt_otsu,tta_raw,False,51.76
gaussian_noise,watt_otsu+CBC,tta_cbc,True,59.35
gaussian_noise,watt_unient,tta_raw,False,54.02
gaussian_noise,watt_unient+CBC,tta_cbc,True,65.39
gaussian_noise,etta,tta_raw,False,40.12
gaussian_noise,etta+CBC,tta_cbc,True,49.71
glass_blur,CLIP,clip_zero_shot,False,42.17999875545502
glass_blur,clipartt,tta_raw,False,57.35
glass_blur,clipartt+CBC,tta_cbc,True,61.3
glass_blur,unient,tta_raw,False,70.93
glass_blur,unient+CBC,tta_cbc,True,67.61
glass_blur,stamp,tta_raw,False,42.21
glass_blur,stamp+CBC,tta_cbc,True,47.9
glass_blur,tda,tta_raw,False,43.2
glass_blur,tda+CBC,tta_cbc,True,47.35
glass_blur,adacontrast,tta_raw,False,42.35
glass_blur,adacontrast+CBC,tta_cbc,True,48.05
glass_blur,watt,tta_raw,False,21.12
glass_blur,watt+CBC,tta_cbc,True,61.68
glass_blur,watt_otsu,tta_raw,False,48.67
glass_blur,watt_otsu+CBC,tta_cbc,True,56.12
glass_blur,watt_unient,tta_raw,False,34.49
glass_blur,watt_unient+CBC,tta_cbc,True,61.76
glass_blur,etta,tta_raw,False,44.14
glass_blur,etta+CBC,tta_cbc,True,48.32
impulse_noise,CLIP,clip_zero_shot,False,51.77000164985657
impulse_noise,clipartt,tta_raw,False,64.14
impulse_noise,clipartt+CBC,tta_cbc,True,66.69
impulse_noise,unient,tta_raw,False,75.43
impulse_noise,unient+CBC,tta_cbc,True,72.39
impulse_noise,stamp,tta_raw,False,51.7
impulse_noise,stamp+CBC,tta_cbc,True,62.95
impulse_noise,tda,tta_raw,False,55.67
impulse_noise,tda+CBC,tta_cbc,True,61.27
impulse_noise,adacontrast,tta_raw,False,51.88
impulse_noise,adacontrast+CBC,tta_cbc,True,63.09
impulse_noise,watt,tta_raw,False,34.75
impulse_noise,watt+CBC,tta_cbc,True,71.03
impulse_noise,watt_otsu,tta_raw,False,58.94
impulse_noise,watt_otsu+CBC,tta_cbc,True,67.48
impulse_noise,watt_unient,tta_raw,False,50.73
impulse_noise,watt_unient+CBC,tta_cbc,True,72.02
impulse_noise,etta,tta_raw,False,54.9
impulse_noise,etta+CBC,tta_cbc,True,63.9
jpeg_compression,CLIP,clip_zero_shot,False,56.13999962806702
jpeg_compression,clipartt,tta_raw,False,59.82
jpeg_compression,clipartt+CBC,tta_cbc,True,64.36
jpeg_compression,unient,tta_raw,False,73.21
jpeg_compression,unient+CBC,tta_cbc,True,67.35
jpeg_compression,stamp,tta_raw,False,56.08
jpeg_compression,stamp+CBC,tta_cbc,True,62.44
jpeg_compression,tda,tta_raw,False,57.7
jpeg_compression,tda+CBC,tta_cbc,True,62.47
jpeg_compression,adacontrast,tta_raw,False,56.33
jpeg_compression,adacontrast+CBC,tta_cbc,True,62.52
jpeg_compression,watt,tta_raw,False,36.29
jpeg_compression,watt+CBC,tta_cbc,True,67.04
jpeg_compression,watt_otsu,tta_raw,False,61.35
jpeg_compression,watt_otsu+CBC,tta_cbc,True,65.1
jpeg_compression,watt_unient,tta_raw,False,53.98
jpeg_compression,watt_unient+CBC,tta_cbc,True,67.12
jpeg_compression,etta,tta_raw,False,57.59
jpeg_compression,etta+CBC,tta_cbc,True,62.17
motion_blur,CLIP,clip_zero_shot,False,65.86999893188477
motion_blur,clipartt,tta_raw,False,69.68
motion_blur,clipartt+CBC,tta_cbc,True,74.06
motion_blur,unient,tta_raw,False,80.65
motion_blur,unient+CBC,tta_cbc,True,77.97
motion_blur,stamp,tta_raw,False,65.86
motion_blur,stamp+CBC,tta_cbc,True,72.69
motion_blur,tda,tta_raw,False,67.71
motion_blur,tda+CBC,tta_cbc,True,72.77
motion_blur,adacontrast,tta_raw,False,66.17
motion_blur,adacontrast+CBC,tta_cbc,True,72.64
motion_blur,watt,tta_raw,False,38.36
motion_blur,watt+CBC,tta_cbc,True,78.39
motion_blur,watt_otsu,tta_raw,False,68.21
motion_blur,watt_otsu+CBC,tta_cbc,True,75.67
motion_blur,watt_unient,tta_raw,False,71.48
motion_blur,watt_unient+CBC,tta_cbc,True,78.4
motion_blur,etta,tta_raw,False,67.78
motion_blur,etta+CBC,tta_cbc,True,73.76
pixelate,CLIP,clip_zero_shot,False,48.48000109195709
pixelate,clipartt,tta_raw,False,66.02
pixelate,clipartt+CBC,tta_cbc,True,69.88
pixelate,unient,tta_raw,False,78.92
pixelate,unient+CBC,tta_cbc,True,78.35
pixelate,stamp,tta_raw,False,48.47
pixelate,stamp+CBC,tta_cbc,True,57.21
pixelate,tda,tta_raw,False,46.76
pixelate,tda+CBC,tta_cbc,True,56.25
pixelate,adacontrast,tta_raw,False,48.6
pixelate,adacontrast+CBC,tta_cbc,True,57.18
pixelate,watt,tta_raw,False,38.14
pixelate,watt+CBC,tta_cbc,True,70.32
pixelate,watt_otsu,tta_raw,False,55.63
pixelate,watt_otsu+CBC,tta_cbc,True,63.57
pixelate,watt_unient,tta_raw,False,53.72
pixelate,watt_unient+CBC,tta_cbc,True,70.05
pixelate,etta,tta_raw,False,49.42
pixelate,etta+CBC,tta_cbc,True,57.23
shot_noise,CLIP,clip_zero_shot,False,41.17000102996826
shot_noise,clipartt,tta_raw,False,60.1
shot_noise,clipartt+CBC,tta_cbc,True,64.54
shot_noise,unient,tta_raw,False,72.2
shot_noise,unient+CBC,tta_cbc,True,69.66
shot_noise,stamp,tta_raw,False,41.17
shot_noise,stamp+CBC,tta_cbc,True,52.73
shot_noise,tda,tta_raw,False,42.6
shot_noise,tda+CBC,tta_cbc,True,52.5
shot_noise,adacontrast,tta_raw,False,41.56
shot_noise,adacontrast+CBC,tta_cbc,True,52.95
shot_noise,watt,tta_raw,False,40.17
shot_noise,watt+CBC,tta_cbc,True,68.87
shot_noise,watt_otsu,tta_raw,False,54.93
shot_noise,watt_otsu+CBC,tta_cbc,True,59.54
shot_noise,watt_unient,tta_raw,False,58.88
shot_noise,watt_unient+CBC,tta_cbc,True,69.21
shot_noise,etta,tta_raw,False,43.32
shot_noise,etta+CBC,tta_cbc,True,53.15
snow,CLIP,clip_zero_shot,False,73.29999804496765
snow,clipartt,tta_raw,False,75.74
snow,clipartt+CBC,tta_cbc,True,76.98
snow,unient,tta_raw,False,84.54
snow,unient+CBC,tta_cbc,True,79.76
snow,stamp,tta_raw,False,73.3
snow,stamp+CBC,tta_cbc,True,77.51
snow,tda,tta_raw,False,75.68
snow,tda+CBC,tta_cbc,True,77.65
snow,adacontrast,tta_raw,False,73.41
snow,adacontrast+CBC,tta_cbc,True,77.65
snow,watt,tta_raw,False,72.94
snow,watt+CBC,tta_cbc,True,83.11
snow,watt_otsu,tta_raw,False,74.99
snow,watt_otsu+CBC,tta_cbc,True,76.37
snow,watt_unient,tta_raw,False,77.63
snow,watt_unient+CBC,tta_cbc,True,83.38
snow,etta,tta_raw,False,75.24
snow,etta+CBC,tta_cbc,True,77.69
zoom_blur,CLIP,clip_zero_shot,False,72.5600004196167
zoom_blur,clipartt,tta_raw,False,72.67
zoom_blur,clipartt+CBC,tta_cbc,True,76.65
zoom_blur,unient,tta_raw,False,83.51
zoom_blur,unient+CBC,tta_cbc,True,79.5
zoom_blur,stamp,tta_raw,False,72.46
zoom_blur,stamp+CBC,tta_cbc,True,77.59
zoom_blur,tda,tta_raw,False,74.03
zoom_blur,tda+CBC,tta_cbc,True,77.74
zoom_blur,adacontrast,tta_raw,False,72.63
zoom_blur,adacontrast+CBC,tta_cbc,True,77.45
zoom_blur,watt,tta_raw,False,63.35
zoom_blur,watt+CBC,tta_cbc,True,79.05
zoom_blur,watt_otsu,tta_raw,False,71.02
zoom_blur,watt_otsu+CBC,tta_cbc,True,75.86
zoom_blur,watt_unient,tta_raw,False,68.46
zoom_blur,watt_unient+CBC,tta_cbc,True,79.0
zoom_blur,etta,tta_raw,False,75.13
zoom_blur,etta+CBC,tta_cbc,True,78.17
