method,raw_top1,cbc_top1,delta_top1,wins,role
CLIP,60.19066572189331,,,,zero-shot baseline
clipartt,68.04333333333334,71.40466666666666,3.361333333333333,15,TTA raw vs TTA+CBC
unient,79.27533333333334,75.97733333333333,-3.298,0,TTA raw vs TTA+CBC
stamp,60.16933333333334,66.70266666666667,6.533333333333334,15,TTA raw vs TTA+CBC
tda,61.84266666666666,66.45666666666666,4.614000000000002,15,TTA raw vs TTA+CBC
adacontrast,59.67733333333334,66.04933333333332,6.372000000000002,15,TTA raw vs TTA+CBC
watt,52.749333333333325,74.92933333333332,22.18,13,TTA raw vs TTA+CBC
watt_otsu,65.11866666666666,69.82866666666668,4.7100000000000035,15,TTA raw vs TTA+CBC
watt_unient,64.83733333333333,75.11466666666666,10.277333333333331,13,TTA raw vs TTA+CBC
etta,62.27333333333333,66.97666666666666,4.703333333333336,15,TTA raw vs TTA+CBC
