corruption,class_id,class_name,corrupted_centroid_text_logit,cbc_centroid_text_logit,corrupted_centroid_text_probability,cbc_centroid_text_probability,mean_logit_removed
shot_noise,0,airplane,0.21218030154705048,1.979060471057892e-08,0.0991709977388382,0.10000000149011612,0.21218034625053406
shot_noise,1,automobile,0.23100268840789795,3.3760443329811096e-08,0.1010553166270256,0.10000000149011612,0.23100270330905914
shot_noise,2,bird,0.2212865948677063,4.685716703534126e-08,0.10007820278406143,0.10000000149011612,0.2212865948677063
shot_noise,3,cat,0.2338627576828003,4.936009645462036e-08,0.1013447493314743,0.10000000149011612,0.2338627725839615
shot_noise,4,deer,0.21581554412841797,6.984919309616089e-10,0.09953216463327408,0.09999999403953552,0.21581555902957916
shot_noise,5,dog,0.23001669347286224,-2.2526364773511887e-08,0.10095572471618652,0.09999999403953552,0.23001669347286224
shot_noise,6,frog,0.21134373545646667,4.959292709827423e-08,0.09908807277679443,0.10000000149011612,0.21134379506111145
shot_noise,7,horse,0.22441166639328003,-5.878973752260208e-09,0.1003914400935173,0.09999999403953552,0.22441166639328003
shot_noise,8,ship,0.21513821184635162,4.272442311048508e-08,0.0994647666811943,0.10000000149011612,0.21513822674751282
shot_noise,9,truck,0.2096312940120697,3.1082890927791595e-08,0.09891852736473083,0.10000000149011612,0.2096313238143921
