setting,corruption,method,top1,delta_vs_clip,num_samples,category,note
severity5:brightness,brightness,LabelProp-kNN,84.579998254776,1.139998435974121,10000,offline,"k=20, alpha=0.5, iters=10"
severity5:contrast,contrast,LabelProp-kNN,60.93999743461609,-1.0300040245056152,10000,offline,"k=20, alpha=0.5, iters=10"
severity5:defocus_blur,defocus_blur,LabelProp-kNN,69.27000284194946,-0.8099973201751709,10000,offline,"k=20, alpha=0.5, iters=10"
severity5:elastic_transform,elastic_transform,LabelProp-kNN,50.65000057220459,-2.5699973106384277,10000,offline,"k=20, alpha=0.5, iters=10"
severity5:fog,fog,LabelProp-kNN,66.36999845504761,-2.060002088546753,10000,offline,"k=20, alpha=0.5, iters=10"
severity5:frost,frost,LabelProp-kNN,75.81999897956848,-0.8199989795684814,10000,offline,"k=20, alpha=0.5, iters=10"
severity5:gaussian_noise,gaussian_noise,LabelProp-kNN,33.469998836517334,-4.21999990940094,10000,offline,"k=20, alpha=0.5, iters=10"
severity5:glass_blur,glass_blur,LabelProp-kNN,40.95999896526337,-1.2199997901916504,10000,offline,"k=20, alpha=0.5, iters=10"
severity5:impulse_noise,impulse_noise,LabelProp-kNN,48.80000054836273,-2.930000424385071,10000,offline,"k=20, alpha=0.5, iters=10"
severity5:jpeg_compression,jpeg_compression,LabelProp-kNN,54.079997539520264,-2.0500004291534424,10000,offline,"k=20, alpha=0.5, iters=10"
severity5:motion_blur,motion_blur,LabelProp-kNN,64.53999876976013,-1.3400018215179443,10000,offline,"k=20, alpha=0.5, iters=10"
severity5:pixelate,pixelate,LabelProp-kNN,44.589999318122864,-3.8599997758865356,10000,offline,"k=20, alpha=0.5, iters=10"
severity5:shot_noise,shot_noise,LabelProp-kNN,36.800000071525574,-4.359999299049377,10000,offline,"k=20, alpha=0.5, iters=10"
severity5:snow,snow,LabelProp-kNN,72.65999913215637,-0.6699979305267334,10000,offline,"k=20, alpha=0.5, iters=10"
severity5:zoom_blur,zoom_blur,LabelProp-kNN,72.28000164031982,-0.31999945640563965,10000,offline,"k=20, alpha=0.5, iters=10"
