adaptation_batches,centroid_csv,corruption,feature_update_type,max_class_centroid_l2_delta,max_feature_l2_delta,mean_class_centroid_l2_delta,mean_feature_l2_delta,method,method_cli_tokens,num_samples,output_pdf,output_png,plain_text_head_top1_after,plain_text_head_top1_before,runtime_batch_size,runtime_steps,severity,status,cache_only_note
7,/home/josephyumss/workspace/AIProject/complete/final_paper_experiments/05_qualitative_analysis/tta_before_after_feature_pca3d/brightness/clipartt/clipartt_brightness_centroids_pca3d.csv,brightness,visual_encoder_or_method_state,0.35453155636787415,0.7285824418067932,0.3273809254169464,0.4283154010772705,clipartt,"['--adaptation', 'clipartt', '--lr', '1e-4', '--K', '3']",800,/home/josephyumss/workspace/AIProject/complete/final_paper_experiments/05_qualitative_analysis/tta_before_after_feature_pca3d/brightness/clipartt/clipartt_brightness_before_after_features_pca3d.pdf,/home/josephyumss/workspace/AIProject/complete/final_paper_experiments/05_qualitative_analysis/tta_before_after_feature_pca3d/brightness/clipartt/clipartt_brightness_before_after_features_pca3d.png,89.3750011920929,83.37500095367432,128,10,5,success,
7,/home/josephyumss/workspace/AIProject/complete/final_paper_experiments/05_qualitative_analysis/tta_before_after_feature_pca3d/brightness/unient/unient_brightness_centroids_pca3d.csv,brightness,visual_encoder_or_method_state,0.5103607773780823,0.8812248110771179,0.4564646780490875,0.6071231961250305,unient,"['--adaptation', 'unient', '--beta_tta', '1.0', '--beta_reg', '1.0']",800,/home/josephyumss/workspace/AIProject/complete/final_paper_experiments/05_qualitative_analysis/tta_before_after_feature_pca3d/brightness/unient/unient_brightness_before_after_features_pca3d.pdf,/home/josephyumss/workspace/AIProject/complete/final_paper_experiments/05_qualitative_analysis/tta_before_after_feature_pca3d/brightness/unient/unient_brightness_before_after_features_pca3d.png,88.24999928474426,83.37500095367432,128,10,5,success,
13,/home/josephyumss/workspace/AIProject/complete/final_paper_experiments/05_qualitative_analysis/tta_before_after_feature_pca3d/brightness/stamp/stamp_brightness_centroids_pca3d.csv,brightness,visual_encoder_or_method_state,0.0001808855595299974,0.0031697021331638098,0.00015573699783999473,0.0013878622557967901,stamp,"['--adaptation', 'stamp', '--batch_size', '64', '--optimizer_type', 'sgd', '--lr', '1e-4', '--memory_length', '128', '--alpha_stamp', '0.45', '--use_consistency_filtering']",800,/home/josephyumss/workspace/AIProject/complete/final_paper_experiments/05_qualitative_analysis/tta_before_after_feature_pca3d/brightness/stamp/stamp_brightness_before_after_features_pca3d.pdf,/home/josephyumss/workspace/AIProject/complete/final_paper_experiments/05_qualitative_analysis/tta_before_after_feature_pca3d/brightness/stamp/stamp_brightness_before_after_features_pca3d.png,83.37500095367432,83.37500095367432,64,10,5,success,
800,/home/josephyumss/workspace/AIProject/complete/final_paper_experiments/05_qualitative_analysis/tta_before_after_feature_pca3d/brightness/tda/tda_brightness_centroids_pca3d.csv,brightness,cache_only,2.49630229518516e-05,0.00024842756101861596,1.8401939087198116e-05,0.00016926300304476172,tda,"['--adaptation', 'tda', '--batch_size', '1', '--pos_alpha_beta', '2.0', '2.0', '--neg_alpha_beta', '0.117', '1.0', '--entropy_threshold', '0.2', '0.5', '--mask_threshold', '0.03', '1.0', '--pos_shot_capacity', '2', '--neg_shot_capacity', '3']",800,/home/josephyumss/workspace/AIProject/complete/final_paper_experiments/05_qualitative_analysis/tta_before_after_feature_pca3d/brightness/tda/tda_brightness_before_after_features_pca3d.pdf,/home/josephyumss/workspace/AIProject/complete/final_paper_experiments/05_qualitative_analysis/tta_before_after_feature_pca3d/brightness/tda/tda_brightness_before_after_features_pca3d.png,83.37500095367432,83.37500095367432,1,10,5,success,"TDA updates positive/negative feature caches, not the visual encoder; feature distribution is expected to remain unchanged."
13,/home/josephyumss/workspace/AIProject/complete/final_paper_experiments/05_qualitative_analysis/tta_before_after_feature_pca3d/brightness/adacontrast/adacontrast_brightness_centroids_pca3d.csv,brightness,visual_encoder_or_method_state,0.17953602969646454,0.5026559829711914,0.1487816423177719,0.25218117237091064,adacontrast,"['--adaptation', 'adacontrast', '--batch_size', '64', '--optimizer_type', 'sgd', '--lr', '1e-3', '--beta_reg', '0.0']",800,/home/josephyumss/workspace/AIProject/complete/final_paper_experiments/05_qualitative_analysis/tta_before_after_feature_pca3d/brightness/adacontrast/adacontrast_brightness_before_after_features_pca3d.pdf,/home/josephyumss/workspace/AIProject/complete/final_paper_experiments/05_qualitative_analysis/tta_before_after_feature_pca3d/brightness/adacontrast/adacontrast_brightness_before_after_features_pca3d.png,82.99999833106995,83.37500095367432,64,10,5,success,
7,/home/josephyumss/workspace/AIProject/complete/final_paper_experiments/05_qualitative_analysis/tta_before_after_feature_pca3d/brightness/watt/watt_brightness_centroids_pca3d.csv,brightness,visual_encoder_or_method_state,0.15514016151428223,0.5218390226364136,0.1216805949807167,0.193501278758049,watt,"['--adaptation', 'watt', '--batch_size', '128', '--template_type', 'select', '--lr', '1e-4', '--avg_type', 'sequential', '--meta_reps', '5', '--reps', '2']",800,/home/josephyumss/workspace/AIProject/complete/final_paper_experiments/05_qualitative_analysis/tta_before_after_feature_pca3d/brightness/watt/watt_brightness_before_after_features_pca3d.pdf,/home/josephyumss/workspace/AIProject/complete/final_paper_experiments/05_qualitative_analysis/tta_before_after_feature_pca3d/brightness/watt/watt_brightness_before_after_features_pca3d.png,86.37499809265137,83.37500095367432,128,10,5,success,
7,/home/josephyumss/workspace/AIProject/complete/final_paper_experiments/05_qualitative_analysis/tta_before_after_feature_pca3d/brightness/watt_otsu/watt_otsu_brightness_centroids_pca3d.csv,brightness,visual_encoder_or_method_state,0.0962449386715889,0.25193822383880615,0.06855128705501556,0.10855163633823395,watt_otsu,"['--adaptation', 'watt_otsu', '--batch_size', '128', '--template_type', 'select', '--lr', '1e-4', '--avg_type', 'sequential', '--meta_reps', '5', '--reps', '2']",800,/home/josephyumss/workspace/AIProject/complete/final_paper_experiments/05_qualitative_analysis/tta_before_after_feature_pca3d/brightness/watt_otsu/watt_otsu_brightness_before_after_features_pca3d.pdf,/home/josephyumss/workspace/AIProject/complete/final_paper_experiments/05_qualitative_analysis/tta_before_after_feature_pca3d/brightness/watt_otsu/watt_otsu_brightness_before_after_features_pca3d.png,81.87500238418579,83.37500095367432,128,10,5,success,
7,/home/josephyumss/workspace/AIProject/complete/final_paper_experiments/05_qualitative_analysis/tta_before_after_feature_pca3d/brightness/watt_unient/watt_unient_brightness_centroids_pca3d.csv,brightness,visual_encoder_or_method_state,0.1521226018667221,0.5227093696594238,0.11871401220560074,0.1900797337293625,watt_unient,"['--adaptation', 'watt_unient', '--batch_size', '128', '--template_type', 'select', '--lr', '1e-4', '--avg_type', 'sequential', '--meta_reps', '5', '--reps', '2']",800,/home/josephyumss/workspace/AIProject/complete/final_paper_experiments/05_qualitative_analysis/tta_before_after_feature_pca3d/brightness/watt_unient/watt_unient_brightness_before_after_features_pca3d.pdf,/home/josephyumss/workspace/AIProject/complete/final_paper_experiments/05_qualitative_analysis/tta_before_after_feature_pca3d/brightness/watt_unient/watt_unient_brightness_before_after_features_pca3d.png,86.37499809265137,83.37500095367432,128,10,5,success,
0,/home/josephyumss/workspace/AIProject/complete/final_paper_experiments/05_qualitative_analysis/tta_before_after_feature_pca3d/brightness/etta/etta_brightness_centroids_pca3d.csv,brightness,cache_only,0.0,0.0,0.0,0.0,etta,,800,/home/josephyumss/workspace/AIProject/complete/final_paper_experiments/05_qualitative_analysis/tta_before_after_feature_pca3d/brightness/etta/etta_brightness_before_after_features_pca3d.pdf,/home/josephyumss/workspace/AIProject/complete/final_paper_experiments/05_qualitative_analysis/tta_before_after_feature_pca3d/brightness/etta/etta_brightness_before_after_features_pca3d.png,83.37500095367432,83.37500095367432,,,5,success,"ETTA updates a cache-enhanced classifier, not the visual encoder; feature distribution is expected to remain unchanged."
7,/home/josephyumss/workspace/AIProject/complete/final_paper_experiments/05_qualitative_analysis/tta_before_after_feature_pca3d/glass_blur/clipartt/clipartt_glass_blur_centroids_pca3d.csv,glass_blur,visual_encoder_or_method_state,0.23128120601177216,0.5459590554237366,0.19235482811927795,0.29009780287742615,clipartt,"['--adaptation', 'clipartt', '--lr', '1e-4', '--K', '3']",800,/home/josephyumss/workspace/AIProject/complete/final_paper_experiments/05_qualitative_analysis/tta_before_after_feature_pca3d/glass_blur/clipartt/clipartt_glass_blur_before_after_features_pca3d.pdf,/home/josephyumss/workspace/AIProject/complete/final_paper_experiments/05_qualitative_analysis/tta_before_after_feature_pca3d/glass_blur/clipartt/clipartt_glass_blur_before_after_features_pca3d.png,55.000001192092896,42.124998569488525,128,10,5,success,
7,/home/josephyumss/workspace/AIProject/complete/final_paper_experiments/05_qualitative_analysis/tta_before_after_feature_pca3d/glass_blur/unient/unient_glass_blur_centroids_pca3d.csv,glass_blur,visual_encoder_or_method_state,0.5530459880828857,0.9085341095924377,0.4923115372657776,0.6779038906097412,unient,"['--adaptation', 'unient', '--beta_tta', '1.0', '--beta_reg', '1.0']",800,/home/josephyumss/workspace/AIProject/complete/final_paper_experiments/05_qualitative_analysis/tta_before_after_feature_pca3d/glass_blur/unient/unient_glass_blur_before_after_features_pca3d.pdf,/home/josephyumss/workspace/AIProject/complete/final_paper_experiments/05_qualitative_analysis/tta_before_after_feature_pca3d/glass_blur/unient/unient_glass_blur_before_after_features_pca3d.png,71.12500071525574,42.124998569488525,128,10,5,success,
13,/home/josephyumss/workspace/AIProject/complete/final_paper_experiments/05_qualitative_analysis/tta_before_after_feature_pca3d/glass_blur/stamp/stamp_glass_blur_centroids_pca3d.csv,glass_blur,visual_encoder_or_method_state,0.0001725104229990393,0.003060094080865383,0.0001510848815087229,0.001332783605903387,stamp,"['--adaptation', 'stamp', '--batch_size', '64', '--optimizer_type', 'sgd', '--lr', '1e-4', '--memory_length', '128', '--alpha_stamp', '0.45', '--use_consistency_filtering']",800,/home/josephyumss/workspace/AIProject/complete/final_paper_experiments/05_qualitative_analysis/tta_before_after_feature_pca3d/glass_blur/stamp/stamp_glass_blur_before_after_features_pca3d.pdf,/home/josephyumss/workspace/AIProject/complete/final_paper_experiments/05_qualitative_analysis/tta_before_after_feature_pca3d/glass_blur/stamp/stamp_glass_blur_before_after_features_pca3d.png,42.250001430511475,42.124998569488525,64,10,5,success,
800,/home/josephyumss/workspace/AIProject/complete/final_paper_experiments/05_qualitative_analysis/tta_before_after_feature_pca3d/glass_blur/tda/tda_glass_blur_centroids_pca3d.csv,glass_blur,cache_only,2.679420867934823e-05,0.0002661298494786024,1.9577515558921732e-05,0.00016887765377759933,tda,"['--adaptation', 'tda', '--batch_size', '1', '--pos_alpha_beta', '2.0', '2.0', '--neg_alpha_beta', '0.117', '1.0', '--entropy_threshold', '0.2', '0.5', '--mask_threshold', '0.03', '1.0', '--pos_shot_capacity', '2', '--neg_shot_capacity', '3']",800,/home/josephyumss/workspace/AIProject/complete/final_paper_experiments/05_qualitative_analysis/tta_before_after_feature_pca3d/glass_blur/tda/tda_glass_blur_before_after_features_pca3d.pdf,/home/josephyumss/workspace/AIProject/complete/final_paper_experiments/05_qualitative_analysis/tta_before_after_feature_pca3d/glass_blur/tda/tda_glass_blur_before_after_features_pca3d.png,42.124998569488525,42.124998569488525,1,10,5,success,"TDA updates positive/negative feature caches, not the visual encoder; feature distribution is expected to remain unchanged."
13,/home/josephyumss/workspace/AIProject/complete/final_paper_experiments/05_qualitative_analysis/tta_before_after_feature_pca3d/glass_blur/adacontrast/adacontrast_glass_blur_centroids_pca3d.csv,glass_blur,visual_encoder_or_method_state,0.0726112648844719,0.26380738615989685,0.060312189161777496,0.09698595106601715,adacontrast,"['--adaptation', 'adacontrast', '--batch_size', '64', '--optimizer_type', 'sgd', '--lr', '1e-3', '--beta_reg', '0.0']",800,/home/josephyumss/workspace/AIProject/complete/final_paper_experiments/05_qualitative_analysis/tta_before_after_feature_pca3d/glass_blur/adacontrast/adacontrast_glass_blur_before_after_features_pca3d.pdf,/home/josephyumss/workspace/AIProject/complete/final_paper_experiments/05_qualitative_analysis/tta_before_after_feature_pca3d/glass_blur/adacontrast/adacontrast_glass_blur_before_after_features_pca3d.png,41.624999046325684,42.124998569488525,64,10,5,success,
7,/home/josephyumss/workspace/AIProject/complete/final_paper_experiments/05_qualitative_analysis/tta_before_after_feature_pca3d/glass_blur/watt/watt_glass_blur_centroids_pca3d.csv,glass_blur,visual_encoder_or_method_state,0.27208954095840454,0.5619176626205444,0.2355550080537796,0.31604617834091187,watt,"['--adaptation', 'watt', '--batch_size', '128', '--template_type', 'select', '--lr', '1e-4', '--avg_type', 'sequential', '--meta_reps', '5', '--reps', '2']",800,/home/josephyumss/workspace/AIProject/complete/final_paper_experiments/05_qualitative_analysis/tta_before_after_feature_pca3d/glass_blur/watt/watt_glass_blur_before_after_features_pca3d.pdf,/home/josephyumss/workspace/AIProject/complete/final_paper_experiments/05_qualitative_analysis/tta_before_after_feature_pca3d/glass_blur/watt/watt_glass_blur_before_after_features_pca3d.png,42.625001072883606,42.124998569488525,128,10,5,success,
7,/home/josephyumss/workspace/AIProject/complete/final_paper_experiments/05_qualitative_analysis/tta_before_after_feature_pca3d/glass_blur/watt_otsu/watt_otsu_glass_blur_centroids_pca3d.csv,glass_blur,visual_encoder_or_method_state,0.07959331572055817,0.2474299669265747,0.053175605833530426,0.07958865165710449,watt_otsu,"['--adaptation', 'watt_otsu', '--batch_size', '128', '--template_type', 'select', '--lr', '1e-4', '--avg_type', 'sequential', '--meta_reps', '5', '--reps', '2']",800,/home/josephyumss/workspace/AIProject/complete/final_paper_experiments/05_qualitative_analysis/tta_before_after_feature_pca3d/glass_blur/watt_otsu/watt_otsu_glass_blur_before_after_features_pca3d.pdf,/home/josephyumss/workspace/AIProject/complete/final_paper_experiments/05_qualitative_analysis/tta_before_after_feature_pca3d/glass_blur/watt_otsu/watt_otsu_glass_blur_before_after_features_pca3d.png,43.99999976158142,42.124998569488525,128,10,5,success,
7,/home/josephyumss/workspace/AIProject/complete/final_paper_experiments/05_qualitative_analysis/tta_before_after_feature_pca3d/glass_blur/watt_unient/watt_unient_glass_blur_centroids_pca3d.csv,glass_blur,visual_encoder_or_method_state,0.2639472186565399,0.5559244751930237,0.2275463044643402,0.30672597885131836,watt_unient,"['--adaptation', 'watt_unient', '--batch_size', '128', '--template_type', 'select', '--lr', '1e-4', '--avg_type', 'sequential', '--meta_reps', '5', '--reps', '2']",800,/home/josephyumss/workspace/AIProject/complete/final_paper_experiments/05_qualitative_analysis/tta_before_after_feature_pca3d/glass_blur/watt_unient/watt_unient_glass_blur_before_after_features_pca3d.pdf,/home/josephyumss/workspace/AIProject/complete/final_paper_experiments/05_qualitative_analysis/tta_before_after_feature_pca3d/glass_blur/watt_unient/watt_unient_glass_blur_before_after_features_pca3d.png,43.25000047683716,42.124998569488525,128,10,5,success,
0,/home/josephyumss/workspace/AIProject/complete/final_paper_experiments/05_qualitative_analysis/tta_before_after_feature_pca3d/glass_blur/etta/etta_glass_blur_centroids_pca3d.csv,glass_blur,cache_only,0.0,0.0,0.0,0.0,etta,,800,/home/josephyumss/workspace/AIProject/complete/final_paper_experiments/05_qualitative_analysis/tta_before_after_feature_pca3d/glass_blur/etta/etta_glass_blur_before_after_features_pca3d.pdf,/home/josephyumss/workspace/AIProject/complete/final_paper_experiments/05_qualitative_analysis/tta_before_after_feature_pca3d/glass_blur/etta/etta_glass_blur_before_after_features_pca3d.png,42.124998569488525,42.124998569488525,,,5,success,"ETTA updates a cache-enhanced classifier, not the visual encoder; feature distribution is expected to remain unchanged."
