class,clean_pc1,clean_pc2,clean_pc3,brightness_pc1,brightness_pc2,brightness_pc3,shift_pc1,shift_pc2,shift_pc3,shift_norm_pca3d
airplane,0.1508641541004181,0.06449670344591141,-0.06563924252986908,0.0922866240143776,0.1055341362953186,-0.045660484582185745,-0.0585775300860405,0.041037432849407196,0.019978757947683334,0.07426000386476517
automobile,0.2039564698934555,-0.011724201962351799,0.12622064352035522,0.14333346486091614,0.06969957053661346,0.12094061076641083,-0.06062300503253937,0.08142377436161041,-0.005280032753944397,0.101650670170784
bird,-0.07177525013685226,-0.043060168623924255,-0.1502685248851776,-0.10668794810771942,0.026420122012495995,-0.11298881471157074,-0.03491269797086716,0.0694802924990654,0.03727971017360687,0.08623331040143967
cat,-0.1654355376958847,-0.026624441146850586,0.10763739049434662,-0.1979539692401886,0.05818019062280655,0.09912829846143723,-0.032518431544303894,0.08480463176965714,-0.008509092032909393,0.09122323989868164
deer,-0.07776150107383728,-0.12493669986724854,-0.1453152894973755,-0.11424039304256439,-0.05182018131017685,-0.11923523247241974,-0.03647889196872711,0.07311651855707169,0.02608005702495575,0.08577240258455276
dog,-0.16125260293483734,-0.06331039220094681,0.149403378367424,-0.20553427934646606,0.040812261402606964,0.1312207579612732,-0.04428167641162872,0.10412265360355377,-0.018182620406150818,0.11459930986166
frog,-0.13137690722942352,0.0422486737370491,-0.0890757292509079,-0.16050073504447937,0.1154387891292572,-0.043941207230091095,-0.029123827815055847,0.0731901153922081,0.0451345220208168,0.09078609943389893
horse,-0.01717192679643631,-0.24266457557678223,0.04006000980734825,-0.07026569545269012,-0.14096218347549438,0.02739064022898674,-0.053093768656253815,0.10170239210128784,-0.012669369578361511,0.11542459577322006
ship,0.20521989464759827,0.028727874159812927,-0.0791003555059433,0.14515170454978943,0.0778537318110466,-0.05244124308228493,-0.06006819009780884,0.04912585765123367,0.02665911242365837,0.08205026388168335
truck,0.2740436792373657,-0.006552001461386681,0.0685948058962822,0.18558178842067719,0.07898662984371185,0.055868931114673615,-0.08846189081668854,0.08553863316774368,-0.012725874781608582,0.12371059507131577
