corruption,class_id,class_name,raw_pc1,raw_pc2,cbc_pc1,cbc_pc2,text_pc1,text_pc2,raw_to_cbc_pca_l2,cbc_to_text_pca_l2,raw_to_text_pca_l2
glass_blur,0,airplane,-0.03998420433303308,0.1275248170198916,-0.11724355621249276,-0.08837003310931901,0.23009266727346075,0.8415488353751537,0.2293024068019097,0.9926689045743934,0.7633949275211004
glass_blur,1,automobile,-0.000604593793486331,0.10842792424045425,-0.07786391517693085,-0.10746694159170667,0.2797792404077668,0.8851289762503698,0.22930241131160642,1.0550617436213552,0.8257600248708491
glass_blur,2,bird,0.0977960737618834,0.09229395043262655,0.02053673799573629,-0.12360089564216833,0.33163728813552884,0.8896458176377593,0.2293023975554674,1.059930400672543,0.8309342414868055
glass_blur,3,cat,0.030596165638573307,0.11401800679138628,-0.04666317426206435,-0.10187684618659326,0.3116732894357726,0.8615185934782275,0.2293024054480582,1.027879270334043,0.7985996973573668
glass_blur,4,deer,0.12470521328483562,0.08345397857667462,0.04744588742681879,-0.13244088343150354,0.34565634970770953,0.82866058427932,0.2293024092188425,1.0063028922991735,0.7772723395756583
glass_blur,5,dog,0.07946178818813115,0.10382651079704987,0.0022024461376021036,-0.11206836467909659,0.34494138386534756,0.8935618295534493,0.22930242735510112,1.0624321470037186,0.8331634229922783
glass_blur,6,frog,0.10967221399988847,0.08894591498363821,0.03241287039920861,-0.12694893180476685,0.3193495149149092,0.8207185498548951,0.22930240086705767,0.9901546817346749,0.7612199154419371
glass_blur,7,horse,0.08625763511353451,0.09102680557965367,0.008998288364405693,-0.12486807177890297,0.35683036255122336,0.881863779145702,0.2293024307105538,1.0651273029545272,0.8358425208089
glass_blur,8,ship,-0.08221995978647988,0.13692046014175857,-0.15947930414734676,-0.07897439621268496,0.2704517993697692,0.8795729006003841,0.22930241012989117,1.0505492249290782,0.822137468447653
glass_blur,9,truck,-0.027036978239760912,0.11157236537898192,-0.10429632135083965,-0.10432249484808492,0.2862282604272231,0.8461397089448622,0.22930241335498439,1.0275640368424133,0.7985764158742208
