class,clean_top1,corrupted_s5_top1,delta_corrupted_minus_clean,clean_correct,clean_total,corrupted_correct,corrupted_total
airplane,90.7,63.33333333333333,-27.366666666666674,907,1000,9500,15000
automobile,97.89999999999999,85.52,-12.379999999999995,979,1000,12828,15000
bird,91.5,63.99333333333333,-27.506666666666668,915,1000,9599,15000
cat,86.2,59.199999999999996,-27.000000000000007,862,1000,8880,15000
deer,84.6,43.53333333333333,-41.06666666666666,846,1000,6530,15000
dog,92.10000000000001,69.82666666666667,-22.27333333333334,921,1000,10474,15000
frog,69.8,25.740000000000002,-44.059999999999995,698,1000,3861,15000
horse,96.39999999999999,79.66666666666666,-16.733333333333334,964,1000,11950,15000
ship,95.0,73.2,-21.799999999999997,950,1000,10980,15000
truck,88.5,37.89333333333333,-50.60666666666667,885,1000,5684,15000
