axis,alpha,mean_top1,std_top1,num_corruptions
cbc_feature_center_shift,0.0,89.24999833106995,0.0,15
cbc_feature_center_shift,0.1,88.7553334236145,0.05475542022507316,15
cbc_feature_center_shift,0.2,88.14600030581157,0.13685972365769183,15
cbc_feature_center_shift,0.3,87.39466627438863,0.23041701521196759,15
cbc_feature_center_shift,0.4,86.64333264033,0.32213162429129716,15
cbc_feature_center_shift,0.5,85.84199984868367,0.40285970885017813,15
cbc_feature_center_shift,0.6,85.01666784286499,0.49016593472795233,15
cbc_feature_center_shift,0.7,84.15799935658772,0.5836002913303091,15
cbc_feature_center_shift,0.8,83.24866652488708,0.7256984817606261,15
cbc_feature_center_shift,0.9,82.28933294614156,0.8789877004147275,15
cbc_feature_center_shift,1.0,81.36200030644734,1.0148184412911943,15
cbc_feature_combined,0.0,89.24999833106995,0.0,15
cbc_feature_combined,0.1,89.01866674423218,0.14974910006045153,15
cbc_feature_combined,0.2,88.64133318265279,0.3791192152407594,15
cbc_feature_combined,0.3,88.00599972407024,0.6836937222978124,15
cbc_feature_combined,0.4,86.95466717084248,1.1765705250719465,15
cbc_feature_combined,0.5,85.26266654332478,1.9624247899750535,15
cbc_feature_combined,0.6,82.52533276875813,3.2264637846197215,15
cbc_feature_combined,0.7,78.37733348210652,5.270703223159311,15
cbc_feature_combined,0.8,72.90133277575175,7.905399168369962,15
cbc_feature_combined,0.9,66.49466673533122,10.974867414871195,15
cbc_feature_combined,1.0,60.18533329168955,13.654453968312746,15
cbc_feature_shape_distortion,0.0,89.24999833106995,0.0,15
cbc_feature_shape_distortion,0.1,89.53133304913838,0.13554213356281541,15
cbc_feature_shape_distortion,0.2,89.88133351008098,0.2583251196340062,15
cbc_feature_shape_distortion,0.3,90.11666576067607,0.40066030470918057,15
cbc_feature_shape_distortion,0.4,90.10733366012573,0.5275158054428457,15
cbc_feature_shape_distortion,0.5,89.84066724777222,0.6886650540840307,15
cbc_feature_shape_distortion,0.6,88.97199988365173,0.9592368153348899,15
cbc_feature_shape_distortion,0.7,87.0633339881897,1.6426505089332946,15
cbc_feature_shape_distortion,0.8,82.9973332087199,3.260047764434799,15
cbc_feature_shape_distortion,0.9,75.61600009600322,6.753271837018329,15
cbc_feature_shape_distortion,1.0,66.86399936676025,11.44491899709863,15
cbc_logit_bias,0.0,89.24999833106995,0.0,15
cbc_logit_bias,0.1,88.7553334236145,0.05475542022507316,15
cbc_logit_bias,0.2,88.14600030581157,0.13685972365769183,15
cbc_logit_bias,0.3,87.39466627438863,0.23041701521196759,15
cbc_logit_bias,0.4,86.64333264033,0.32213162429129716,15
cbc_logit_bias,0.5,85.84199984868367,0.40285970885017813,15
cbc_logit_bias,0.6,85.01666784286499,0.49016593472795233,15
cbc_logit_bias,0.7,84.15799935658772,0.5836002913303091,15
cbc_logit_bias,0.8,83.24866652488708,0.7256984817606261,15
cbc_logit_bias,0.9,82.28933294614156,0.8789877004147275,15
cbc_logit_bias,1.0,81.36200030644734,1.0148184412911943,15
cbc_logit_combined,0.0,89.24999833106995,0.0,15
cbc_logit_combined,0.1,89.01866674423218,0.14974910006045153,15
cbc_logit_combined,0.2,88.64133318265279,0.3791192152407594,15
cbc_logit_combined,0.3,88.00599972407024,0.6836937222978124,15
cbc_logit_combined,0.4,86.95533394813538,1.1761454133579528,15
cbc_logit_combined,0.5,85.26266654332478,1.9624247899750535,15
cbc_logit_combined,0.6,82.52533276875813,3.2264637846197215,15
cbc_logit_combined,0.7,78.37733348210652,5.270703223159311,15
cbc_logit_combined,0.8,72.90133277575175,7.905399168369962,15
cbc_logit_combined,0.9,66.49533311525981,10.975345868015735,15
cbc_logit_combined,1.0,60.18533329168955,13.654453968312746,15
cbc_logit_residual,0.0,89.24999833106995,0.0,15
cbc_logit_residual,0.1,89.53133304913838,0.13554213356281541,15
cbc_logit_residual,0.2,89.88199989000957,0.25964594781822076,15
cbc_logit_residual,0.3,90.11666576067607,0.40066030470918057,15
cbc_logit_residual,0.4,90.10733366012573,0.5275158054428457,15
cbc_logit_residual,0.5,89.84066724777222,0.6886650540840307,15
cbc_logit_residual,0.6,88.97199988365173,0.9592368153348899,15
cbc_logit_residual,0.7,87.0633339881897,1.6426505089332946,15
cbc_logit_residual,0.8,82.9973332087199,3.260047764434799,15
cbc_logit_residual,0.9,75.61600009600322,6.753271837018329,15
cbc_logit_residual,1.0,66.86399936676025,11.44491899709863,15
feature_center_shift,0.0,89.24999833106995,0.0,15
feature_center_shift,0.1,89.28600033124287,0.03702136072014344,15
feature_center_shift,0.2,89.33733264605205,0.07970522259603526,15
feature_center_shift,0.3,89.39933339754741,0.12938223833684606,15
feature_center_shift,0.4,89.46399966875713,0.1628001547482411,15
feature_center_shift,0.5,89.51733350753784,0.1855966338433524,15
feature_center_shift,0.6,89.5313326517741,0.2209932625516868,15
feature_center_shift,0.7,89.54866607983907,0.25700551371833935,15
feature_center_shift,0.8,89.54266707102458,0.2901611785456676,15
feature_center_shift,0.9,89.50000007947285,0.32578132152831424,15
feature_center_shift,1.0,89.46799993515015,0.39077990470230606,15
feature_combined,0.0,89.24999833106995,0.0,15
feature_combined,0.1,89.01866674423218,0.14974910006045153,15
feature_combined,0.2,88.64133318265279,0.3791192152407594,15
feature_combined,0.3,88.00599972407024,0.6836937222978124,15
feature_combined,0.4,86.95466717084248,1.1765705250719465,15
feature_combined,0.5,85.26266654332478,1.9624247899750535,15
feature_combined,0.6,82.52533276875813,3.2264637846197215,15
feature_combined,0.7,78.37733348210652,5.270703223159311,15
feature_combined,0.8,72.90133277575175,7.905399168369962,15
feature_combined,0.9,66.49466673533122,10.974867414871195,15
feature_combined,1.0,60.18533329168955,13.654453968312746,15
feature_shape_distortion,0.0,89.24999833106995,0.0,15
feature_shape_distortion,0.1,88.9466667175293,0.17125668647121436,15
feature_shape_distortion,0.2,88.47600062688191,0.3915916062159764,15
feature_shape_distortion,0.3,87.72666732470195,0.736420520363146,15
feature_shape_distortion,0.4,86.58533294995625,1.1535961000517303,15
feature_shape_distortion,0.5,84.72266634305318,1.9700516194697988,15
feature_shape_distortion,0.6,81.92466735839844,3.21491352142068,15
feature_shape_distortion,0.7,77.82400012016296,5.055920155666078,15
feature_shape_distortion,0.8,72.42066621780396,7.500833106565849,15
feature_shape_distortion,0.9,66.21266682942708,10.36248463228019,15
feature_shape_distortion,1.0,60.016000072161354,13.064614296823192,15
logit_bias,0.0,89.24999833106995,0.0,15
logit_bias,0.1,89.28600033124287,0.03702136072014344,15
logit_bias,0.2,89.33733264605205,0.07970522259603526,15
logit_bias,0.3,89.39933339754741,0.12938223833684606,15
logit_bias,0.4,89.46399966875713,0.1628001547482411,15
logit_bias,0.5,89.51733350753784,0.1855966338433524,15
logit_bias,0.6,89.5313326517741,0.2209932625516868,15
logit_bias,0.7,89.54866607983907,0.25700551371833935,15
logit_bias,0.8,89.54266707102458,0.2901611785456676,15
logit_bias,0.9,89.50000007947285,0.32578132152831424,15
logit_bias,1.0,89.46799993515015,0.39077990470230606,15
logit_combined,0.0,89.24999833106995,0.0,15
logit_combined,0.1,89.01866674423218,0.14974910006045153,15
logit_combined,0.2,88.64133318265279,0.3791192152407594,15
logit_combined,0.3,88.00599972407024,0.6836937222978124,15
logit_combined,0.4,86.95533394813538,1.1761454133579528,15
logit_combined,0.5,85.26266654332478,1.9624247899750535,15
logit_combined,0.6,82.52533276875813,3.2264637846197215,15
logit_combined,0.7,78.37733348210652,5.270703223159311,15
logit_combined,0.8,72.90133277575175,7.905399168369962,15
logit_combined,0.9,66.49533311525981,10.975345868015735,15
logit_combined,1.0,60.18533329168955,13.654453968312746,15
logit_residual,0.0,89.24999833106995,0.0,15
logit_residual,0.1,88.9466667175293,0.17125668647121436,15
logit_residual,0.2,88.47600062688191,0.3915916062159764,15
logit_residual,0.3,87.72666732470195,0.736420520363146,15
logit_residual,0.4,86.58533294995625,1.1535961000517303,15
logit_residual,0.5,84.72266634305318,1.9700516194697988,15
logit_residual,0.6,81.92466735839844,3.21491352142068,15
logit_residual,0.7,77.82400012016296,5.055920155666078,15
logit_residual,0.8,72.41999944051106,7.501287814097326,15
logit_residual,0.9,66.21266682942708,10.36248463228019,15
logit_residual,1.0,60.01533329486847,13.065647786991654,15
