corruption,clean_top1,actual_corrupt_top1,feature_center_shift_norm,feature_shape_distortion_mean_norm,feature_shape_distortion_center_norm,logit_bias_norm,logit_residual_mean_norm,logit_residual_center_norm,cbc_logit_bias_norm,cbc_feature_shift_norm,cbc_feature_residual_mean_norm,class_centered_shape_mean_norm,class_centered_shape_center_norm,permuted_shape_mean_norm,random_shape_mean_norm,cbc_logit_residual_mean_norm
brightness,89.24999833106995,83.41000080108643,0.13200891017913818,0.2792316973209381,5.294243976550206e-08,0.017968785017728806,0.02973702736198902,1.6313879136475862e-09,0.026688754558563232,0.07499594986438751,0.31700530648231506,0.27171725034713745,3.193407982493568e-09,0.27171725034713745,22.606199264526367,0.0440986305475235
contrast,89.24999833106995,61.959999799728394,0.3629993200302124,0.4610048830509186,8.328891709652453e-08,0.06964942812919617,0.05486446991562843,5.302218664127167e-09,0.023737555369734764,0.060953643172979355,0.5848835110664368,0.4306276738643646,7.10383440960527e-09,0.4306276738643646,22.59712791442871,0.08863857388496399
defocus_blur,89.24999833106995,70.02000212669373,0.33248162269592285,0.3813387155532837,4.4466251125641065e-08,0.0707351416349411,0.045659758150577545,3.365051792769691e-09,0.027063537389039993,0.07577908039093018,0.5103688836097717,0.3608243763446808,6.098523908093512e-09,0.3608243763446808,22.604297637939453,0.08511772006750107
elastic_transform,89.24999833106995,53.15999984741211,0.24445444345474243,0.4152565896511078,4.8509452454936763e-08,0.04023147374391556,0.05658804997801781,2.1827668561513747e-09,0.025284646078944206,0.07119359821081161,0.4836513102054596,0.38000717759132385,4.532728858919199e-09,0.38000717759132385,22.601970672607422,0.07252908498048782
fog,89.24999833106995,68.47000122070312,0.22303608059883118,0.3996545970439911,4.5584165775380825e-08,0.046259425580501556,0.0486384779214859,3.326542596937543e-09,0.023831766098737717,0.06697988510131836,0.46205562353134155,0.38105902075767517,4.909832540533898e-09,0.38105902075767517,22.60844612121582,0.07006391882896423
frost,89.24999833106995,76.56999826431274,0.17447000741958618,0.3635973334312439,7.194278595079595e-08,0.02805592305958271,0.04206552729010582,1.980929420497546e-09,0.026171350851655006,0.06912596523761749,0.40937647223472595,0.3509388566017151,3.527543812609224e-09,0.3509388566017151,22.611162185668945,0.056933991611003876
gaussian_noise,89.24999833106995,37.79999911785126,0.372501939535141,0.4559059143066406,4.801608355364806e-08,0.04995957389473915,0.06660973280668259,2.534888965399773e-09,0.02728009968996048,0.0765899121761322,0.5907794833183289,0.40859735012054443,7.081664588071135e-09,0.40859735012054443,22.604820251464844,0.08390946686267853
glass_blur,89.24999833106995,42.14000105857849,0.3372351825237274,0.45179715752601624,5.239525791012056e-08,0.02679281122982502,0.06412680447101593,1.922323633607448e-09,0.022829147055745125,0.06729844212532043,0.5644963979721069,0.40073633193969727,6.770914051656973e-09,0.40073636174201965,22.606199264526367,0.07280020415782928
impulse_noise,89.24999833106995,51.71999931335449,0.4056170582771301,0.42580634355545044,7.889941144867407e-08,0.03797122463583946,0.05771981179714203,2.6661175489550715e-09,0.026920847594738007,0.07572712749242783,0.59209805727005,0.39106324315071106,7.027676662829663e-09,0.39106324315071106,22.586502075195312,0.07232684642076492
jpeg_compression,89.24999833106995,56.129997968673706,0.292114794254303,0.42541709542274475,4.418937038508375e-08,0.010784433223307133,0.05898801237344742,1.453077214108589e-09,0.02288873866200447,0.065641388297081,0.5187613368034363,0.39976370334625244,6.256637430368528e-09,0.39976367354393005,22.597339630126953,0.06567317247390747
motion_blur,89.24999833106995,65.86999893188477,0.254852294921875,0.3773486316204071,4.53677344580683e-08,0.077138252556324,0.048255182802677155,4.751342874698139e-09,0.023546690121293068,0.07084139436483383,0.45951738953590393,0.357368528842926,5.066623121052771e-09,0.35736849904060364,22.610443115234375,0.09122423082590103
pixelate,89.24999833106995,48.4499990940094,0.3994032144546509,0.4487954080104828,5.10176541013152e-08,0.08675529062747955,0.06231774762272835,5.854732698651333e-09,0.026733724400401115,0.07468820363283157,0.600288987159729,0.40535351634025574,8.682359720069144e-09,0.40535348653793335,22.59712791442871,0.10505540668964386
shot_noise,89.24999833106995,41.200000047683716,0.36609944701194763,0.45402655005455017,7.964312231933945e-08,0.049066219478845596,0.0642736628651619,3.1103803976861855e-09,0.02678099274635315,0.07505814731121063,0.5858356356620789,0.4095468819141388,6.889837589341141e-09,0.409546822309494,22.606199264526367,0.08204784244298935
snow,89.24999833106995,73.30999970436096,0.14865514636039734,0.3459617793560028,4.35057501135816e-08,0.02464909479022026,0.040908098220825195,2.378282015769173e-09,0.026417873799800873,0.06952977925539017,0.3828630745410919,0.33366885781288147,3.683493732253851e-09,0.33366885781288147,22.610292434692383,0.05446586385369301
zoom_blur,89.24999833106995,72.57000207901001,0.29512012004852295,0.36381691694259644,6.983356826140152e-08,0.06484414637088776,0.043857164680957794,3.313613827771178e-09,0.027677947655320168,0.07834053039550781,0.47300946712493896,0.34617090225219727,5.498289823435698e-09,0.34617090225219727,22.616809844970703,0.07927227020263672
