axis,target_drop,alpha_at_drop
feature_center_shift,1.0,
feature_shape_distortion,1.0,0.2301604499832691
cbc_feature_center_shift,1.0,0.18293248434725456
cbc_feature_shape_distortion,1.0,0.6378275503480408
logit_bias,1.0,
logit_residual,1.0,0.2301604499832691
cbc_logit_bias,1.0,0.18293248434725456
cbc_logit_residual,1.0,0.6378275503480408
feature_center_shift,2.0,
feature_shape_distortion,2.0,0.3417641844650663
cbc_feature_center_shift,2.0,0.31925482059643717
cbc_feature_shape_distortion,2.0,0.6902201666973746
logit_bias,2.0,
logit_residual,2.0,0.3417641844650663
cbc_logit_bias,2.0,0.31925482059643717
cbc_logit_residual,2.0,0.6902201666973746
feature_center_shift,5.0,
feature_shape_distortion,5.0,0.5168930730345335
cbc_feature_center_shift,5.0,0.6892858564215996
cbc_feature_shape_distortion,5.0,0.7691917146530062
logit_bias,5.0,
logit_residual,5.0,0.5168930730345335
cbc_logit_bias,5.0,0.6892858564215996
cbc_logit_residual,5.0,0.7691917146530062
feature_center_shift,10.0,
feature_shape_distortion,10.0,0.6652252151159528
cbc_feature_center_shift,10.0,
cbc_feature_shape_distortion,10.0,0.8507677247514271
logit_bias,10.0,
logit_residual,10.0,0.6652252151159528
cbc_logit_bias,10.0,
cbc_logit_residual,10.0,0.8507677247514271
feature_center_shift,20.0,
feature_shape_distortion,20.0,0.8510739078465502
cbc_feature_center_shift,20.0,
cbc_feature_shape_distortion,20.0,0.9727376740687718
logit_bias,20.0,
logit_residual,20.0,0.851068652319044
cbc_logit_bias,20.0,
cbc_logit_residual,20.0,0.9727376740687718
