axis,budget,mean_top1,std_top1,num_corruptions
matched_feature_center_shift,0.0,89.24999833106995,0.0,15
matched_feature_center_shift,0.02,87.55599935849507,0.14714214477727086,15
matched_feature_center_shift,0.04,85.37199974060059,0.29629244002245275,15
matched_feature_center_shift,0.06,82.8926666577657,0.5269726490051604,15
matched_feature_center_shift,0.08,80.22666652997334,0.8274992717511835,15
matched_feature_center_shift,0.1,77.17466672261556,1.2394727163929131,15
matched_feature_center_shift,0.12,73.98133277893066,1.5709858338925575,15
matched_feature_center_shift,0.14,70.82666635513306,1.8086999104264254,15
matched_feature_center_shift,0.16,67.5866671403249,2.081068353535383,15
matched_feature_center_shift,0.18,64.45199966430664,2.559671885071636,15
matched_feature_center_shift,0.2,61.493333180745445,3.143910118805047,15
matched_feature_class_centered_shape,0.0,89.24999833106995,0.0,15
matched_feature_class_centered_shape,0.02,89.80733315149944,0.17536526935369223,15
matched_feature_class_centered_shape,0.04,90.45800010363261,0.34401967116739235,15
matched_feature_class_centered_shape,0.06,91.08933409055074,0.5190051759806938,15
matched_feature_class_centered_shape,0.08,91.69800003369649,0.7037914104121221,15
matched_feature_class_centered_shape,0.1,92.28599945704143,0.913636726600789,15
matched_feature_class_centered_shape,0.12,92.8440002600352,1.1034237051754412,15
matched_feature_class_centered_shape,0.14,93.38266730308533,1.2815595885397781,15
matched_feature_class_centered_shape,0.16,93.85600050290425,1.4626853535512707,15
matched_feature_class_centered_shape,0.18,94.24266735712688,1.6609461393253249,15
matched_feature_class_centered_shape,0.2,94.6120011806488,1.8614268210923104,15
matched_feature_permuted_shape,0.0,89.24999833106995,0.0,15
matched_feature_permuted_shape,0.02,89.21000083287556,0.04746837584152128,15
matched_feature_permuted_shape,0.04,89.17266607284546,0.08789872001934036,15
matched_feature_permuted_shape,0.06,89.12933349609375,0.10859514667432217,15
matched_feature_permuted_shape,0.08,89.01999950408936,0.08664044758160785,15
matched_feature_permuted_shape,0.1,88.93666744232178,0.11423140589617162,15
matched_feature_permuted_shape,0.12,88.78133336702983,0.11960376829883672,15
matched_feature_permuted_shape,0.14,88.61600001653035,0.1222995994241135,15
matched_feature_permuted_shape,0.16,88.43333284060161,0.1318413609639025,15
matched_feature_permuted_shape,0.18,88.17933320999146,0.13223612000456983,15
matched_feature_permuted_shape,0.2,87.85599986712138,0.14472058546032832,15
matched_feature_random_shape,0.0,89.24999833106995,0.0,15
matched_feature_random_shape,0.02,89.22733346621196,0.03641723770703418,15
matched_feature_random_shape,0.04,89.2193341255188,0.04809158246617985,15
matched_feature_random_shape,0.06,89.20399943987529,0.05425850376308895,15
matched_feature_random_shape,0.08,89.17066693305969,0.040409182797986706,15
matched_feature_random_shape,0.1,89.15066599845886,0.07663520732332078,15
matched_feature_random_shape,0.12,89.11866704622905,0.10275278147173386,15
matched_feature_random_shape,0.14,89.06399965286255,0.09315301422999739,15
matched_feature_random_shape,0.16,89.01666641235352,0.07879619794138576,15
matched_feature_random_shape,0.18,88.978666861852,0.08958244737540559,15
matched_feature_random_shape,0.2,88.90066742897034,0.10573374530559145,15
matched_feature_shape_distortion,0.0,89.24999833106995,0.0,15
matched_feature_shape_distortion,0.02,89.3339999516805,0.08404715135574739,15
matched_feature_shape_distortion,0.04,89.49466665585835,0.17723308754273007,15
matched_feature_shape_distortion,0.06,89.64266618092854,0.26756887095908916,15
matched_feature_shape_distortion,0.08,89.7866662343343,0.3582125700075161,15
matched_feature_shape_distortion,0.1,89.92266615231831,0.40627560308583416,15
matched_feature_shape_distortion,0.12,90.03466725349426,0.4642256382636509,15
matched_feature_shape_distortion,0.14,90.11933326721191,0.5007514064270725,15
matched_feature_shape_distortion,0.16,90.16800006230672,0.5140970058196315,15
matched_feature_shape_distortion,0.18,90.1360007127126,0.5086296083726561,15
matched_feature_shape_distortion,0.2,90.10133306185405,0.4671317881297784,15
matched_logit_bias,0.0,89.24999833106995,0.0,15
matched_logit_bias,0.02,83.43599994977315,0.6380782662866231,15
matched_logit_bias,0.04,75.24533271789551,1.818526991473743,15
matched_logit_bias,0.06,66.3213324546814,2.723727388160243,15
matched_logit_bias,0.08,58.3953324953715,4.085783091643316,15
matched_logit_bias,0.1,52.12933381398519,5.0124355658419875,15
matched_logit_bias,0.12,47.39200055599213,4.984590951909726,15
matched_logit_bias,0.14,43.84999990463257,5.012657395324766,15
matched_logit_bias,0.16,40.95000008742014,5.448657857747861,15
matched_logit_bias,0.18,38.459332982699074,6.141688611784153,15
matched_logit_bias,0.2,36.55533313751221,6.691337518120437,15
matched_logit_residual,0.0,89.24999833106995,0.0,15
matched_logit_residual,0.02,90.10133385658264,0.5087876257115396,15
matched_logit_residual,0.04,89.21866695086162,0.8350551175083525,15
matched_logit_residual,0.06,81.63066705067952,5.641418012601919,15
matched_logit_residual,0.08,64.06599998474121,13.135195154152429,15
matched_logit_residual,0.1,49.87066715955734,15.146483807150892,15
matched_logit_residual,0.12,40.570666790008545,14.554846765147785,15
matched_logit_residual,0.14,34.13466682036718,13.745525403868056,15
matched_logit_residual,0.16,29.03066669901212,12.686453794222981,15
matched_logit_residual,0.18,24.97333325445652,11.607261155824162,15
matched_logit_residual,0.2,21.76333340505759,10.52361071963418,15
