corruption,axis,budget,top1,drop_from_clean
brightness,matched_feature_center_shift,0.0,89.24999833106995,0.0
brightness,matched_feature_shape_distortion,0.0,89.24999833106995,0.0
brightness,matched_feature_class_centered_shape,0.0,89.24999833106995,0.0
brightness,matched_feature_permuted_shape,0.0,89.24999833106995,0.0
brightness,matched_feature_random_shape,0.0,89.24999833106995,0.0
brightness,matched_feature_center_shift,0.02,87.55000233650208,1.699995994567871
brightness,matched_feature_shape_distortion,0.02,89.53999876976013,-0.29000043869018555
brightness,matched_feature_class_centered_shape,0.02,89.52999711036682,-0.279998779296875
brightness,matched_feature_permuted_shape,0.02,89.16000127792358,0.0899970531463623
brightness,matched_feature_random_shape,0.02,89.24000263214111,0.009995698928833008
brightness,matched_feature_center_shift,0.04,85.2400004863739,4.009997844696045
brightness,matched_feature_shape_distortion,0.04,89.9399995803833,-0.6900012493133545
brightness,matched_feature_class_centered_shape,0.04,89.9399995803833,-0.6900012493133545
brightness,matched_feature_permuted_shape,0.04,89.12000060081482,0.12999773025512695
brightness,matched_feature_random_shape,0.04,89.1700029373169,0.07999539375305176
brightness,matched_feature_center_shift,0.06,82.85999894142151,6.3899993896484375
brightness,matched_feature_shape_distortion,0.06,90.28000235557556,-1.0300040245056152
brightness,matched_feature_class_centered_shape,0.06,90.13000130653381,-0.8800029754638672
brightness,matched_feature_permuted_shape,0.06,89.03999924659729,0.20999908447265625
brightness,matched_feature_random_shape,0.06,89.17999863624573,0.06999969482421875
brightness,matched_feature_center_shift,0.08,80.26000261306763,8.98999571800232
brightness,matched_feature_shape_distortion,0.08,90.67000150680542,-1.4200031757354736
brightness,matched_feature_class_centered_shape,0.08,90.38000106811523,-1.130002737045288
brightness,matched_feature_permuted_shape,0.08,88.99000287055969,0.2599954605102539
brightness,matched_feature_random_shape,0.08,89.12000060081482,0.12999773025512695
brightness,matched_feature_center_shift,0.1,77.28999853134155,11.959999799728394
brightness,matched_feature_shape_distortion,0.1,90.92000126838684,-1.6700029373168945
brightness,matched_feature_class_centered_shape,0.1,90.65999984741211,-1.410001516342163
brightness,matched_feature_permuted_shape,0.1,88.99999856948853,0.2499997615814209
brightness,matched_feature_random_shape,0.1,89.0999972820282,0.15000104904174805
brightness,matched_feature_center_shift,0.12,73.91999959945679,15.32999873161316
brightness,matched_feature_shape_distortion,0.12,91.21000170707703,-1.96000337600708
brightness,matched_feature_class_centered_shape,0.12,90.9600019454956,-1.7100036144256592
brightness,matched_feature_permuted_shape,0.12,88.73000144958496,0.5199968814849854
brightness,matched_feature_random_shape,0.12,89.0500009059906,0.1999974250793457
brightness,matched_feature_center_shift,0.14,70.01000046730042,19.23999786376953
brightness,matched_feature_shape_distortion,0.14,91.46999716758728,-2.219998836517334
brightness,matched_feature_class_centered_shape,0.14,91.10000133514404,-1.8500030040740967
brightness,matched_feature_permuted_shape,0.14,88.59000205993652,0.6599962711334229
brightness,matched_feature_random_shape,0.14,88.99999856948853,0.2499997615814209
brightness,matched_feature_center_shift,0.16,66.68000221252441,22.569996118545532
brightness,matched_feature_shape_distortion,0.16,91.54000282287598,-2.2900044918060303
brightness,matched_feature_class_centered_shape,0.16,91.06000065803528,-1.810002326965332
brightness,matched_feature_permuted_shape,0.16,88.37000131607056,0.8799970149993896
brightness,matched_feature_random_shape,0.16,88.99999856948853,0.2499997615814209
brightness,matched_feature_center_shift,0.18,63.15000057220459,26.099997758865356
brightness,matched_feature_shape_distortion,0.18,91.35000109672546,-2.1000027656555176
brightness,matched_feature_class_centered_shape,0.18,91.10999703407288,-1.8599987030029297
brightness,matched_feature_permuted_shape,0.18,88.12999725341797,1.1200010776519775
brightness,matched_feature_random_shape,0.18,89.02000188827515,0.2299964427947998
brightness,matched_feature_center_shift,0.2,60.269999504089355,28.97999882698059
brightness,matched_feature_shape_distortion,0.2,91.14000201225281,-1.8900036811828613
brightness,matched_feature_class_centered_shape,0.2,91.10000133514404,-1.8500030040740967
brightness,matched_feature_permuted_shape,0.2,87.8600001335144,1.389998197555542
brightness,matched_feature_random_shape,0.2,88.94000053405762,0.3099977970123291
brightness,matched_logit_bias,0.0,89.24999833106995,0.0
brightness,matched_logit_residual,0.0,89.24999833106995,0.0
brightness,matched_logit_bias,0.02,83.31000208854675,5.939996242523193
brightness,matched_logit_residual,0.02,91.53000116348267,-2.2800028324127197
brightness,matched_logit_bias,0.04,75.37000179290771,13.879996538162231
brightness,matched_logit_residual,0.04,88.1600022315979,1.089996099472046
brightness,matched_logit_bias,0.06,65.10999798774719,24.140000343322754
brightness,matched_logit_residual,0.06,80.34999966621399,8.899998664855957
brightness,matched_logit_bias,0.08,57.999998331069946,31.25
brightness,matched_logit_residual,0.08,71.46999835968018,17.77999997138977
brightness,matched_logit_bias,0.1,54.360002279281616,34.88999605178833
brightness,matched_logit_residual,0.1,61.33999824523926,27.91000008583069
brightness,matched_logit_bias,0.12,50.88000297546387,38.36999535560608
brightness,matched_logit_residual,0.12,51.590001583099365,37.65999674797058
brightness,matched_logit_bias,0.14,47.63000011444092,41.61999821662903
brightness,matched_logit_residual,0.14,43.65000128746033,45.59999704360962
brightness,matched_logit_bias,0.16,45.100000500679016,44.14999783039093
brightness,matched_logit_residual,0.16,37.56999969482422,51.67999863624573
brightness,matched_logit_bias,0.18,43.50000023841858,45.74999809265137
brightness,matched_logit_residual,0.18,33.01999866962433,56.22999966144562
brightness,matched_logit_bias,0.2,42.44999885559082,46.799999475479126
brightness,matched_logit_residual,0.2,29.15000021457672,60.099998116493225
contrast,matched_feature_center_shift,0.0,89.24999833106995,0.0
contrast,matched_feature_shape_distortion,0.0,89.24999833106995,0.0
contrast,matched_feature_class_centered_shape,0.0,89.24999833106995,0.0
contrast,matched_feature_permuted_shape,0.0,89.24999833106995,0.0
contrast,matched_feature_random_shape,0.0,89.24999833106995,0.0
contrast,matched_feature_center_shift,0.02,87.81999945640564,1.4299988746643066
contrast,matched_feature_shape_distortion,0.02,89.30000066757202,-0.050002336502075195
contrast,matched_feature_class_centered_shape,0.02,89.7599995136261,-0.5100011825561523
contrast,matched_feature_permuted_shape,0.02,89.24000263214111,0.009995698928833008
contrast,matched_feature_random_shape,0.02,89.24999833106995,0.0
contrast,matched_feature_center_shift,0.04,85.9000027179718,3.3499956130981445
contrast,matched_feature_shape_distortion,0.04,89.46999907493591,-0.2200007438659668
contrast,matched_feature_class_centered_shape,0.04,90.39000272750854,-1.1400043964385986
contrast,matched_feature_permuted_shape,0.04,89.10999894142151,0.1399993896484375
contrast,matched_feature_random_shape,0.04,89.24000263214111,0.009995698928833008
contrast,matched_feature_center_shift,0.06,83.71999859809875,5.529999732971191
contrast,matched_feature_shape_distortion,0.06,89.60999846458435,-0.3600001335144043
contrast,matched_feature_class_centered_shape,0.06,91.07000231742859,-1.8200039863586426
contrast,matched_feature_permuted_shape,0.06,89.03999924659729,0.20999908447265625
contrast,matched_feature_random_shape,0.06,89.14999961853027,0.09999871253967285
contrast,matched_feature_center_shift,0.08,81.70999884605408,7.539999485015869
contrast,matched_feature_shape_distortion,0.08,89.60999846458435,-0.3600001335144043
contrast,matched_feature_class_centered_shape,0.08,91.72000288963318,-2.4700045585632324
contrast,matched_feature_permuted_shape,0.08,88.98000121116638,0.26999711990356445
contrast,matched_feature_random_shape,0.08,89.20000195503235,0.049996376037597656
contrast,matched_feature_center_shift,0.1,79.60000038146973,9.64999794960022
contrast,matched_feature_shape_distortion,0.1,89.71999883651733,-0.4700005054473877
contrast,matched_feature_class_centered_shape,0.1,92.28000044822693,-3.0300021171569824
contrast,matched_feature_permuted_shape,0.1,88.83000016212463,0.4199981689453125
contrast,matched_feature_random_shape,0.1,89.25999999046326,-0.010001659393310547
contrast,matched_feature_center_shift,0.12,77.38999724388123,11.86000108718872
contrast,matched_feature_shape_distortion,0.12,89.96000289916992,-0.7100045680999756
contrast,matched_feature_class_centered_shape,0.12,93.00000071525574,-3.750002384185791
contrast,matched_feature_permuted_shape,0.12,88.59999775886536,0.6500005722045898
contrast,matched_feature_random_shape,0.12,89.30000066757202,-0.050002336502075195
contrast,matched_feature_center_shift,0.14,75.26999711990356,13.980001211166382
contrast,matched_feature_shape_distortion,0.14,90.17000198364258,-0.9200036525726318
contrast,matched_feature_class_centered_shape,0.14,93.59999895095825,-4.350000619888306
contrast,matched_feature_permuted_shape,0.14,88.5699987411499,0.679999589920044
contrast,matched_feature_random_shape,0.14,89.2300009727478,0.019997358322143555
contrast,matched_feature_center_shift,0.16,72.97999858856201,16.269999742507935
contrast,matched_feature_shape_distortion,0.16,90.2899980545044,-1.0399997234344482
contrast,matched_feature_class_centered_shape,0.16,94.15000081062317,-4.900002479553223
contrast,matched_feature_permuted_shape,0.16,88.37000131607056,0.8799970149993896
contrast,matched_feature_random_shape,0.16,89.13999795913696,0.1100003719329834
contrast,matched_feature_center_shift,0.18,70.95999717712402,18.290001153945923
contrast,matched_feature_shape_distortion,0.18,90.39000272750854,-1.1400043964385986
contrast,matched_feature_class_centered_shape,0.18,94.70000267028809,-5.45000433921814
contrast,matched_feature_permuted_shape,0.18,88.08000087738037,1.1699974536895752
contrast,matched_feature_random_shape,0.18,89.03999924659729,0.20999908447265625
contrast,matched_feature_center_shift,0.2,68.84999871253967,20.399999618530273
contrast,matched_feature_shape_distortion,0.2,90.47999978065491,-1.230001449584961
contrast,matched_feature_class_centered_shape,0.2,95.10999917984009,-5.860000848770142
contrast,matched_feature_permuted_shape,0.2,87.88999915122986,1.359999179840088
contrast,matched_feature_random_shape,0.2,88.98000121116638,0.26999711990356445
contrast,matched_logit_bias,0.0,89.24999833106995,0.0
contrast,matched_logit_residual,0.0,89.24999833106995,0.0
contrast,matched_logit_bias,0.02,84.71999764442444,4.530000686645508
contrast,matched_logit_residual,0.02,90.09000062942505,-0.8400022983551025
contrast,matched_logit_bias,0.04,79.3500006198883,9.89999771118164
contrast,matched_logit_residual,0.04,90.42999744415283,-1.1799991130828857
contrast,matched_logit_bias,0.06,73.60000014305115,15.649998188018799
contrast,matched_logit_residual,0.06,88.53999972343445,0.709998607635498
contrast,matched_logit_bias,0.08,68.34999918937683,20.899999141693115
contrast,matched_logit_residual,0.08,75.26999711990356,13.980001211166382
contrast,matched_logit_bias,0.1,63.419997692108154,25.830000638961792
contrast,matched_logit_residual,0.1,59.25999879837036,29.989999532699585
contrast,matched_logit_bias,0.12,58.30000042915344,30.949997901916504
contrast,matched_logit_residual,0.12,49.309998750686646,39.9399995803833
contrast,matched_logit_bias,0.14,54.29999828338623,34.950000047683716
contrast,matched_logit_residual,0.14,42.660000920295715,46.58999741077423
contrast,matched_logit_bias,0.16,51.74000263214111,37.50999569892883
contrast,matched_logit_residual,0.16,37.23999857902527,52.00999975204468
contrast,matched_logit_bias,0.18,48.989999294281006,40.25999903678894
contrast,matched_logit_residual,0.18,32.350000739097595,56.89999759197235
contrast,matched_logit_bias,0.2,45.44999897480011,43.799999356269836
contrast,matched_logit_residual,0.2,27.959999442100525,61.28999888896942
defocus_blur,matched_feature_center_shift,0.0,89.24999833106995,0.0
defocus_blur,matched_feature_shape_distortion,0.0,89.24999833106995,0.0
defocus_blur,matched_feature_class_centered_shape,0.0,89.24999833106995,0.0
defocus_blur,matched_feature_permuted_shape,0.0,89.24999833106995,0.0
defocus_blur,matched_feature_random_shape,0.0,89.24999833106995,0.0
defocus_blur,matched_feature_center_shift,0.02,87.44999766349792,1.8000006675720215
defocus_blur,matched_feature_shape_distortion,0.02,89.30000066757202,-0.050002336502075195
defocus_blur,matched_feature_class_centered_shape,0.02,89.64999914169312,-0.40000081062316895
defocus_blur,matched_feature_permuted_shape,0.02,89.28999900817871,-0.04000067710876465
defocus_blur,matched_feature_random_shape,0.02,89.21999931335449,0.0299990177154541
defocus_blur,matched_feature_center_shift,0.04,85.32999753952026,3.9200007915496826
defocus_blur,matched_feature_shape_distortion,0.04,89.49999809265137,-0.2499997615814209
defocus_blur,matched_feature_class_centered_shape,0.04,90.06999731063843,-0.8199989795684814
defocus_blur,matched_feature_permuted_shape,0.04,89.24000263214111,0.009995698928833008
defocus_blur,matched_feature_random_shape,0.04,89.20999765396118,0.04000067710876465
defocus_blur,matched_feature_center_shift,0.06,82.6799988746643,6.56999945640564
defocus_blur,matched_feature_shape_distortion,0.06,89.56000208854675,-0.31000375747680664
defocus_blur,matched_feature_class_centered_shape,0.06,90.60999751091003,-1.359999179840088
defocus_blur,matched_feature_permuted_shape,0.06,89.2300009727478,0.019997358322143555
defocus_blur,matched_feature_random_shape,0.06,89.24999833106995,0.0
defocus_blur,matched_feature_center_shift,0.08,79.8799991607666,9.369999170303345
defocus_blur,matched_feature_shape_distortion,0.08,89.71999883651733,-0.4700005054473877
defocus_blur,matched_feature_class_centered_shape,0.08,90.9500002861023,-1.7000019550323486
defocus_blur,matched_feature_permuted_shape,0.08,89.10999894142151,0.1399993896484375
defocus_blur,matched_feature_random_shape,0.08,89.20999765396118,0.04000067710876465
defocus_blur,matched_feature_center_shift,0.1,76.78999900817871,12.459999322891235
defocus_blur,matched_feature_shape_distortion,0.1,89.9399995803833,-0.6900012493133545
defocus_blur,matched_feature_class_centered_shape,0.1,91.32999777793884,-2.0799994468688965
defocus_blur,matched_feature_permuted_shape,0.1,88.96999955177307,0.279998779296875
defocus_blur,matched_feature_random_shape,0.1,89.10999894142151,0.1399993896484375
defocus_blur,matched_feature_center_shift,0.12,73.48999977111816,15.759998559951782
defocus_blur,matched_feature_shape_distortion,0.12,90.09000062942505,-0.8400022983551025
defocus_blur,matched_feature_class_centered_shape,0.12,91.64000153541565,-2.390003204345703
defocus_blur,matched_feature_permuted_shape,0.12,88.98000121116638,0.26999711990356445
defocus_blur,matched_feature_random_shape,0.12,89.0999972820282,0.15000104904174805
defocus_blur,matched_feature_center_shift,0.14,70.59999704360962,18.650001287460327
defocus_blur,matched_feature_shape_distortion,0.14,90.09000062942505,-0.8400022983551025
defocus_blur,matched_feature_class_centered_shape,0.14,91.87999963760376,-2.6300013065338135
defocus_blur,matched_feature_permuted_shape,0.14,88.84999752044678,0.40000081062316895
defocus_blur,matched_feature_random_shape,0.14,89.02999758720398,0.2200007438659668
defocus_blur,matched_feature_center_shift,0.16,68.11000108718872,21.139997243881226
defocus_blur,matched_feature_shape_distortion,0.16,90.1199996471405,-0.8700013160705566
defocus_blur,matched_feature_class_centered_shape,0.16,92.35000014305115,-3.100001811981201
defocus_blur,matched_feature_permuted_shape,0.16,88.5699987411499,0.679999589920044
defocus_blur,matched_feature_random_shape,0.16,88.96999955177307,0.279998779296875
defocus_blur,matched_feature_center_shift,0.18,65.82000255584717,23.42999577522278
defocus_blur,matched_feature_shape_distortion,0.18,90.09000062942505,-0.8400022983551025
defocus_blur,matched_feature_class_centered_shape,0.18,92.54000186920166,-3.290003538131714
defocus_blur,matched_feature_permuted_shape,0.18,88.41000199317932,0.839996337890625
defocus_blur,matched_feature_random_shape,0.18,88.919997215271,0.3300011157989502
defocus_blur,matched_feature_center_shift,0.2,64.0500009059906,25.199997425079346
defocus_blur,matched_feature_shape_distortion,0.2,90.14000296592712,-0.8900046348571777
defocus_blur,matched_feature_class_centered_shape,0.2,92.82000064849854,-3.570002317428589
defocus_blur,matched_feature_permuted_shape,0.2,88.09000253677368,1.1599957942962646
defocus_blur,matched_feature_random_shape,0.2,88.84999752044678,0.40000081062316895
defocus_blur,matched_logit_bias,0.0,89.24999833106995,0.0
defocus_blur,matched_logit_residual,0.0,89.24999833106995,0.0
defocus_blur,matched_logit_bias,0.02,83.2099974155426,6.040000915527344
defocus_blur,matched_logit_residual,0.02,90.09000062942505,-0.8400022983551025
defocus_blur,matched_logit_bias,0.04,74.77999925613403,14.469999074935913
defocus_blur,matched_logit_residual,0.04,89.85000252723694,-0.6000041961669922
defocus_blur,matched_logit_bias,0.06,67.18999743461609,22.060000896453857
defocus_blur,matched_logit_residual,0.06,86.90999746322632,2.340000867843628
defocus_blur,matched_logit_bias,0.08,61.640000343322754,27.609997987747192
defocus_blur,matched_logit_residual,0.08,77.70000100135803,11.549997329711914
defocus_blur,matched_logit_bias,0.1,55.50000071525574,33.74999761581421
defocus_blur,matched_logit_residual,0.1,66.78000092506409,22.46999740600586
defocus_blur,matched_logit_bias,0.12,48.78000020980835,40.4699981212616
defocus_blur,matched_logit_residual,0.12,58.78000259399414,30.469995737075806
defocus_blur,matched_logit_bias,0.14,43.1300014257431,46.11999690532684
defocus_blur,matched_logit_residual,0.14,51.87000036239624,37.379997968673706
defocus_blur,matched_logit_bias,0.16,38.44999969005585,50.7999986410141
defocus_blur,matched_logit_residual,0.16,45.87999880313873,43.36999952793121
defocus_blur,matched_logit_bias,0.18,35.92999875545502,53.31999957561493
defocus_blur,matched_logit_residual,0.18,40.34999907016754,48.899999260902405
defocus_blur,matched_logit_bias,0.2,34.779998660087585,54.46999967098236
defocus_blur,matched_logit_residual,0.2,36.250001192092896,52.99999713897705
elastic_transform,matched_feature_center_shift,0.0,89.24999833106995,0.0
elastic_transform,matched_feature_shape_distortion,0.0,89.24999833106995,0.0
elastic_transform,matched_feature_class_centered_shape,0.0,89.24999833106995,0.0
elastic_transform,matched_feature_permuted_shape,0.0,89.24999833106995,0.0
elastic_transform,matched_feature_random_shape,0.0,89.24999833106995,0.0
elastic_transform,matched_feature_center_shift,0.02,87.69999742507935,1.5500009059906006
elastic_transform,matched_feature_shape_distortion,0.02,89.31000232696533,-0.06000399589538574
elastic_transform,matched_feature_class_centered_shape,0.02,89.9399995803833,-0.6900012493133545
elastic_transform,matched_feature_permuted_shape,0.02,89.16000127792358,0.0899970531463623
elastic_transform,matched_feature_random_shape,0.02,89.28999900817871,-0.04000067710876465
elastic_transform,matched_feature_center_shift,0.04,85.4099988937378,3.8399994373321533
elastic_transform,matched_feature_shape_distortion,0.04,89.35999870300293,-0.1100003719329834
elastic_transform,matched_feature_class_centered_shape,0.04,90.65999984741211,-1.410001516342163
elastic_transform,matched_feature_permuted_shape,0.04,89.0999972820282,0.15000104904174805
elastic_transform,matched_feature_random_shape,0.04,89.28999900817871,-0.04000067710876465
elastic_transform,matched_feature_center_shift,0.06,83.13000202178955,6.1199963092803955
elastic_transform,matched_feature_shape_distortion,0.06,89.4599974155426,-0.20999908447265625
elastic_transform,matched_feature_class_centered_shape,0.06,91.43999814987183,-2.18999981880188
elastic_transform,matched_feature_permuted_shape,0.06,89.0500009059906,0.1999974250793457
elastic_transform,matched_feature_random_shape,0.06,89.27000164985657,-0.020003318786621094
elastic_transform,matched_feature_center_shift,0.08,80.64000010490417,8.609998226165771
elastic_transform,matched_feature_shape_distortion,0.08,89.4599974155426,-0.20999908447265625
elastic_transform,matched_feature_class_centered_shape,0.08,92.0799970626831,-2.829998731613159
elastic_transform,matched_feature_permuted_shape,0.08,88.84999752044678,0.40000081062316895
elastic_transform,matched_feature_random_shape,0.08,89.20999765396118,0.04000067710876465
elastic_transform,matched_feature_center_shift,0.1,77.42999792098999,11.820000410079956
elastic_transform,matched_feature_shape_distortion,0.1,89.5799994468689,-0.3300011157989502
elastic_transform,matched_feature_class_centered_shape,0.1,92.79000163078308,-3.5400032997131348
elastic_transform,matched_feature_permuted_shape,0.1,88.65000009536743,0.5999982357025146
elastic_transform,matched_feature_random_shape,0.1,89.24999833106995,0.0
elastic_transform,matched_feature_center_shift,0.12,74.1599977016449,15.090000629425049
elastic_transform,matched_feature_shape_distortion,0.12,89.60999846458435,-0.3600001335144043
elastic_transform,matched_feature_class_centered_shape,0.12,93.36000084877014,-4.110002517700195
elastic_transform,matched_feature_permuted_shape,0.12,88.5699987411499,0.679999589920044
elastic_transform,matched_feature_random_shape,0.12,89.28999900817871,-0.04000067710876465
elastic_transform,matched_feature_center_shift,0.14,70.26000022888184,18.98999810218811
elastic_transform,matched_feature_shape_distortion,0.14,89.62000012397766,-0.37000179290771484
elastic_transform,matched_feature_class_centered_shape,0.14,94.09000277519226,-4.8400044441223145
elastic_transform,matched_feature_permuted_shape,0.14,88.38000297546387,0.8699953556060791
elastic_transform,matched_feature_random_shape,0.14,89.16000127792358,0.0899970531463623
elastic_transform,matched_feature_center_shift,0.16,65.96999764442444,23.280000686645508
elastic_transform,matched_feature_shape_distortion,0.16,89.5799994468689,-0.3300011157989502
elastic_transform,matched_feature_class_centered_shape,0.16,94.6399986743927,-5.390000343322754
elastic_transform,matched_feature_permuted_shape,0.16,88.12999725341797,1.1200010776519775
elastic_transform,matched_feature_random_shape,0.16,89.06000256538391,0.18999576568603516
elastic_transform,matched_feature_center_shift,0.18,61.73999905586243,27.50999927520752
elastic_transform,matched_feature_shape_distortion,0.18,89.44000005722046,-0.1900017261505127
elastic_transform,matched_feature_class_centered_shape,0.18,94.9999988079071,-5.750000476837158
elastic_transform,matched_feature_permuted_shape,0.18,87.88999915122986,1.359999179840088
elastic_transform,matched_feature_random_shape,0.18,88.99999856948853,0.2499997615814209
elastic_transform,matched_feature_center_shift,0.2,57.489997148513794,31.760001182556152
elastic_transform,matched_feature_shape_distortion,0.2,89.3999993801117,-0.15000104904174805
elastic_transform,matched_feature_class_centered_shape,0.2,95.49000263214111,-6.240004301071167
elastic_transform,matched_feature_permuted_shape,0.2,87.55999803543091,1.690000295639038
elastic_transform,matched_feature_random_shape,0.2,88.95000219345093,0.29999613761901855
elastic_transform,matched_logit_bias,0.0,89.24999833106995,0.0
elastic_transform,matched_logit_residual,0.0,89.24999833106995,0.0
elastic_transform,matched_logit_bias,0.02,83.71999859809875,5.529999732971191
elastic_transform,matched_logit_residual,0.02,89.68999981880188,-0.4400014877319336
elastic_transform,matched_logit_bias,0.04,75.44999718666077,13.80000114440918
elastic_transform,matched_logit_residual,0.04,88.48000168800354,0.7699966430664062
elastic_transform,matched_logit_bias,0.06,63.95000219345093,25.29999613761902
elastic_transform,matched_logit_residual,0.06,76.94000005722046,12.309998273849487
elastic_transform,matched_logit_bias,0.08,53.35000157356262,35.899996757507324
elastic_transform,matched_logit_residual,0.08,52.27000117301941,36.97999715805054
elastic_transform,matched_logit_bias,0.1,46.36000096797943,42.889997363090515
elastic_transform,matched_logit_residual,0.1,37.38999962806702,51.85999870300293
elastic_transform,matched_logit_bias,0.12,40.49000144004822,48.75999689102173
elastic_transform,matched_logit_residual,0.12,28.08000147342682,61.16999685764313
elastic_transform,matched_logit_bias,0.14,37.00999915599823,52.239999175071716
elastic_transform,matched_logit_residual,0.14,21.979999542236328,67.26999878883362
elastic_transform,matched_logit_bias,0.16,34.34999883174896,54.899999499320984
elastic_transform,matched_logit_residual,0.16,17.470000684261322,71.77999764680862
elastic_transform,matched_logit_bias,0.18,30.329999327659607,58.91999900341034
elastic_transform,matched_logit_residual,0.18,13.95999938249588,75.28999894857407
elastic_transform,matched_logit_bias,0.2,26.480001211166382,62.769997119903564
elastic_transform,matched_logit_residual,0.2,11.299999803304672,77.94999852776527
fog,matched_feature_center_shift,0.0,89.24999833106995,0.0
fog,matched_feature_shape_distortion,0.0,89.24999833106995,0.0
fog,matched_feature_class_centered_shape,0.0,89.24999833106995,0.0
fog,matched_feature_permuted_shape,0.0,89.24999833106995,0.0
fog,matched_feature_random_shape,0.0,89.24999833106995,0.0
fog,matched_feature_center_shift,0.02,87.5,1.7499983310699463
fog,matched_feature_shape_distortion,0.02,89.34999704360962,-0.09999871253967285
fog,matched_feature_class_centered_shape,0.02,89.70000147819519,-0.45000314712524414
fog,matched_feature_permuted_shape,0.02,89.14999961853027,0.09999871253967285
fog,matched_feature_random_shape,0.02,89.21999931335449,0.0299990177154541
fog,matched_feature_center_shift,0.04,85.13000011444092,4.119998216629028
fog,matched_feature_shape_distortion,0.04,89.62000012397766,-0.37000179290771484
fog,matched_feature_class_centered_shape,0.04,90.2999997138977,-1.0500013828277588
fog,matched_feature_permuted_shape,0.04,88.98000121116638,0.26999711990356445
fog,matched_feature_random_shape,0.04,89.19000029563904,0.0599980354309082
fog,matched_feature_center_shift,0.06,82.51000046730042,6.739997863769531
fog,matched_feature_shape_distortion,0.06,89.86999988555908,-0.6200015544891357
fog,matched_feature_class_centered_shape,0.06,90.90999960899353,-1.660001277923584
fog,matched_feature_permuted_shape,0.06,88.919997215271,0.3300011157989502
fog,matched_feature_random_shape,0.06,89.17999863624573,0.06999969482421875
fog,matched_feature_center_shift,0.08,79.76999878883362,9.479999542236328
fog,matched_feature_shape_distortion,0.08,90.03000259399414,-0.7800042629241943
fog,matched_feature_class_centered_shape,0.08,91.35000109672546,-2.1000027656555176
fog,matched_feature_permuted_shape,0.08,88.84000182151794,0.40999650955200195
fog,matched_feature_random_shape,0.08,89.13999795913696,0.1100003719329834
fog,matched_feature_center_shift,0.1,76.82999968528748,12.41999864578247
fog,matched_feature_shape_distortion,0.1,90.14999866485596,-0.9000003337860107
fog,matched_feature_class_centered_shape,0.1,91.68999791145325,-2.439999580383301
fog,matched_feature_permuted_shape,0.1,88.84000182151794,0.40999650955200195
fog,matched_feature_random_shape,0.1,89.13000226020813,0.1199960708618164
fog,matched_feature_center_shift,0.12,73.64000082015991,15.609997510910034
fog,matched_feature_shape_distortion,0.12,90.28000235557556,-1.0300040245056152
fog,matched_feature_class_centered_shape,0.12,92.18999743461609,-2.9399991035461426
fog,matched_feature_permuted_shape,0.12,88.7000024318695,0.5499958992004395
fog,matched_feature_random_shape,0.12,89.13000226020813,0.1199960708618164
fog,matched_feature_center_shift,0.14,70.27000188827515,18.9799964427948
fog,matched_feature_shape_distortion,0.14,90.35999774932861,-1.109999418258667
fog,matched_feature_class_centered_shape,0.14,92.72000193595886,-3.470003604888916
fog,matched_feature_permuted_shape,0.14,88.48000168800354,0.7699966430664062
fog,matched_feature_random_shape,0.14,89.06999826431274,0.18000006675720215
fog,matched_feature_center_shift,0.16,67.1500027179718,22.099995613098145
fog,matched_feature_shape_distortion,0.16,90.4699981212616,-1.2199997901916504
fog,matched_feature_class_centered_shape,0.16,93.15000176429749,-3.900003433227539
fog,matched_feature_permuted_shape,0.16,88.22000026702881,1.0299980640411377
fog,matched_feature_random_shape,0.16,88.99999856948853,0.2499997615814209
fog,matched_feature_center_shift,0.18,64.4599974155426,24.790000915527344
fog,matched_feature_shape_distortion,0.18,90.34000039100647,-1.0900020599365234
fog,matched_feature_class_centered_shape,0.18,93.43000054359436,-4.180002212524414
fog,matched_feature_permuted_shape,0.18,88.01000118255615,1.239997148513794
fog,matched_feature_random_shape,0.18,88.91000151634216,0.3399968147277832
fog,matched_feature_center_shift,0.2,62.04000115394592,27.209997177124023
fog,matched_feature_shape_distortion,0.2,90.2400016784668,-0.9900033473968506
fog,matched_feature_class_centered_shape,0.2,93.66000294685364,-4.410004615783691
fog,matched_feature_permuted_shape,0.2,87.58000135421753,1.669996976852417
fog,matched_feature_random_shape,0.2,88.84000182151794,0.40999650955200195
fog,matched_logit_bias,0.0,89.24999833106995,0.0
fog,matched_logit_residual,0.0,89.24999833106995,0.0
fog,matched_logit_bias,0.02,83.02000164985657,6.229996681213379
fog,matched_logit_residual,0.02,90.34000039100647,-1.0900020599365234
fog,matched_logit_bias,0.04,74.72000122070312,14.529997110366821
fog,matched_logit_residual,0.04,89.819997549057,-0.5699992179870605
fog,matched_logit_bias,0.06,65.7800018787384,23.469996452331543
fog,matched_logit_residual,0.06,82.13000297546387,7.119995355606079
fog,matched_logit_bias,0.08,59.119999408721924,30.129998922348022
fog,matched_logit_residual,0.08,66.39000177383423,22.859996557235718
fog,matched_logit_bias,0.1,52.560001611709595,36.68999671936035
fog,matched_logit_residual,0.1,56.40000104904175,32.8499972820282
fog,matched_logit_bias,0.12,47.06999957561493,42.17999875545502
fog,matched_logit_residual,0.12,49.52999949455261,39.719998836517334
fog,matched_logit_bias,0.14,42.82999932765961,46.41999900341034
fog,matched_logit_residual,0.14,43.09000074863434,46.15999758243561
fog,matched_logit_bias,0.16,39.28999900817871,49.959999322891235
fog,matched_logit_residual,0.16,37.27999925613403,51.96999907493591
fog,matched_logit_bias,0.18,37.38999962806702,51.85999870300293
fog,matched_logit_residual,0.18,32.6200008392334,56.62999749183655
fog,matched_logit_bias,0.2,36.50999963283539,52.73999869823456
fog,matched_logit_residual,0.2,28.720000386238098,60.52999794483185
frost,matched_feature_center_shift,0.0,89.24999833106995,0.0
frost,matched_feature_shape_distortion,0.0,89.24999833106995,0.0
frost,matched_feature_class_centered_shape,0.0,89.24999833106995,0.0
frost,matched_feature_permuted_shape,0.0,89.24999833106995,0.0
frost,matched_feature_random_shape,0.0,89.24999833106995,0.0
frost,matched_feature_center_shift,0.02,87.51999735832214,1.7300009727478027
frost,matched_feature_shape_distortion,0.02,89.49999809265137,-0.2499997615814209
frost,matched_feature_class_centered_shape,0.02,89.62000012397766,-0.37000179290771484
frost,matched_feature_permuted_shape,0.02,89.28999900817871,-0.04000067710876465
frost,matched_feature_random_shape,0.02,89.19000029563904,0.0599980354309082
frost,matched_feature_center_shift,0.04,85.33999919891357,3.909999132156372
frost,matched_feature_shape_distortion,0.04,89.74000215530396,-0.4900038242340088
frost,matched_feature_class_centered_shape,0.04,90.10999798774719,-0.8599996566772461
frost,matched_feature_permuted_shape,0.04,89.35999870300293,-0.1100003719329834
frost,matched_feature_random_shape,0.04,89.19000029563904,0.0599980354309082
frost,matched_feature_center_shift,0.06,83.09999704360962,6.150001287460327
frost,matched_feature_shape_distortion,0.06,90.06999731063843,-0.8199989795684814
frost,matched_feature_class_centered_shape,0.06,90.63000082969666,-1.380002498626709
frost,matched_feature_permuted_shape,0.06,89.35999870300293,-0.1100003719329834
frost,matched_feature_random_shape,0.06,89.21999931335449,0.0299990177154541
frost,matched_feature_center_shift,0.08,80.52999973297119,8.719998598098755
frost,matched_feature_shape_distortion,0.08,90.35000205039978,-1.100003719329834
frost,matched_feature_class_centered_shape,0.08,91.08999967575073,-1.8400013446807861
frost,matched_feature_permuted_shape,0.08,89.13999795913696,0.1100003719329834
frost,matched_feature_random_shape,0.08,89.20000195503235,0.049996376037597656
frost,matched_feature_center_shift,0.1,77.71000266075134,11.539995670318604
frost,matched_feature_shape_distortion,0.1,90.54999947547913,-1.3000011444091797
frost,matched_feature_class_centered_shape,0.1,91.4900004863739,-2.240002155303955
frost,matched_feature_permuted_shape,0.1,89.06000256538391,0.18999576568603516
frost,matched_feature_random_shape,0.1,89.13000226020813,0.1199960708618164
frost,matched_feature_center_shift,0.12,74.33000206947327,14.91999626159668
frost,matched_feature_shape_distortion,0.12,90.75000286102295,-1.500004529953003
frost,matched_feature_class_centered_shape,0.12,91.72999858856201,-2.4800002574920654
frost,matched_feature_permuted_shape,0.12,88.95000219345093,0.29999613761901855
frost,matched_feature_random_shape,0.12,88.99000287055969,0.2599954605102539
frost,matched_feature_center_shift,0.14,70.80000042915344,18.449997901916504
frost,matched_feature_shape_distortion,0.14,90.85000157356262,-1.6000032424926758
frost,matched_feature_class_centered_shape,0.14,92.04999804496765,-2.799999713897705
frost,matched_feature_permuted_shape,0.14,88.67999911308289,0.5699992179870605
frost,matched_feature_random_shape,0.14,88.96999955177307,0.279998779296875
frost,matched_feature_center_shift,0.16,66.97999835014343,22.269999980926514
frost,matched_feature_shape_distortion,0.16,90.86999893188477,-1.6200006008148193
frost,matched_feature_class_centered_shape,0.16,92.36000180244446,-3.1100034713745117
frost,matched_feature_permuted_shape,0.16,88.45000267028809,0.7999956607818604
frost,matched_feature_random_shape,0.16,88.88999819755554,0.3600001335144043
frost,matched_feature_center_shift,0.18,63.16999793052673,26.080000400543213
frost,matched_feature_shape_distortion,0.18,90.9600019454956,-1.7100036144256592
frost,matched_feature_class_centered_shape,0.18,92.48999953269958,-3.2400012016296387
frost,matched_feature_permuted_shape,0.18,88.23999762535095,1.0100007057189941
frost,matched_feature_random_shape,0.18,88.81999850273132,0.42999982833862305
frost,matched_feature_center_shift,0.2,60.030001401901245,29.2199969291687
frost,matched_feature_shape_distortion,0.2,90.83999991416931,-1.5900015830993652
frost,matched_feature_class_centered_shape,0.2,92.57000088691711,-3.320002555847168
frost,matched_feature_permuted_shape,0.2,87.88999915122986,1.359999179840088
frost,matched_feature_random_shape,0.2,88.62000107765198,0.6299972534179688
frost,matched_logit_bias,0.0,89.24999833106995,0.0
frost,matched_logit_residual,0.0,89.24999833106995,0.0
frost,matched_logit_bias,0.02,84.03000235557556,5.219995975494385
frost,matched_logit_residual,0.02,90.85000157356262,-1.6000032424926758
frost,matched_logit_bias,0.04,76.88999772071838,12.360000610351562
frost,matched_logit_residual,0.04,89.2300009727478,0.019997358322143555
frost,matched_logit_bias,0.06,67.25999712944031,21.99000120162964
frost,matched_logit_residual,0.06,77.5600016117096,11.689996719360352
frost,matched_logit_bias,0.08,58.49999785423279,30.750000476837158
frost,matched_logit_residual,0.08,66.33999943733215,22.909998893737793
frost,matched_logit_bias,0.1,53.82999777793884,35.4200005531311
frost,matched_logit_residual,0.1,57.37000107765198,31.87999725341797
frost,matched_logit_bias,0.12,50.01000165939331,39.239996671676636
frost,matched_logit_residual,0.12,49.0200012922287,40.22999703884125
frost,matched_logit_bias,0.14,47.00999855995178,42.239999771118164
frost,matched_logit_residual,0.14,41.89999997615814,47.349998354911804
frost,matched_logit_bias,0.16,45.329999923706055,43.91999840736389
frost,matched_logit_residual,0.16,36.05000078678131,53.199997544288635
frost,matched_logit_bias,0.18,44.5499986410141,44.69999969005585
frost,matched_logit_residual,0.18,31.790000200271606,57.45999813079834
frost,matched_logit_bias,0.2,44.040000438690186,45.20999789237976
frost,matched_logit_residual,0.2,28.029999136924744,61.2199991941452
gaussian_noise,matched_feature_center_shift,0.0,89.24999833106995,0.0
gaussian_noise,matched_feature_shape_distortion,0.0,89.24999833106995,0.0
gaussian_noise,matched_feature_class_centered_shape,0.0,89.24999833106995,0.0
gaussian_noise,matched_feature_permuted_shape,0.0,89.24999833106995,0.0
gaussian_noise,matched_feature_random_shape,0.0,89.24999833106995,0.0
gaussian_noise,matched_feature_center_shift,0.02,87.51999735832214,1.7300009727478027
gaussian_noise,matched_feature_shape_distortion,0.02,89.25999999046326,-0.010001659393310547
gaussian_noise,matched_feature_class_centered_shape,0.02,90.06999731063843,-0.8199989795684814
gaussian_noise,matched_feature_permuted_shape,0.02,89.2799973487854,-0.0299990177154541
gaussian_noise,matched_feature_random_shape,0.02,89.16000127792358,0.0899970531463623
gaussian_noise,matched_feature_center_shift,0.04,85.3600025177002,3.889995813369751
gaussian_noise,matched_feature_shape_distortion,0.04,89.24999833106995,0.0
gaussian_noise,matched_feature_class_centered_shape,0.04,90.9600019454956,-1.7100036144256592
gaussian_noise,matched_feature_permuted_shape,0.04,89.24999833106995,0.0
gaussian_noise,matched_feature_random_shape,0.04,89.1700029373169,0.07999539375305176
gaussian_noise,matched_feature_center_shift,0.06,82.55000114440918,6.699997186660767
gaussian_noise,matched_feature_shape_distortion,0.06,89.38999772071838,-0.1399993896484375
gaussian_noise,matched_feature_class_centered_shape,0.06,91.75000190734863,-2.5000035762786865
gaussian_noise,matched_feature_permuted_shape,0.06,89.20999765396118,0.04000067710876465
gaussian_noise,matched_feature_random_shape,0.06,89.17999863624573,0.06999969482421875
gaussian_noise,matched_feature_center_shift,0.08,79.5799970626831,9.67000126838684
gaussian_noise,matched_feature_shape_distortion,0.08,89.52999711036682,-0.279998779296875
gaussian_noise,matched_feature_class_centered_shape,0.08,92.71000027656555,-3.4600019454956055
gaussian_noise,matched_feature_permuted_shape,0.08,89.03999924659729,0.20999908447265625
gaussian_noise,matched_feature_random_shape,0.08,89.1700029373169,0.07999539375305176
gaussian_noise,matched_feature_center_shift,0.1,75.97000002861023,13.279998302459717
gaussian_noise,matched_feature_shape_distortion,0.1,89.60999846458435,-0.3600001335144043
gaussian_noise,matched_feature_class_centered_shape,0.1,93.50000023841858,-4.250001907348633
gaussian_noise,matched_feature_permuted_shape,0.1,89.07999992370605,0.1699984073638916
gaussian_noise,matched_feature_random_shape,0.1,89.14999961853027,0.09999871253967285
gaussian_noise,matched_feature_center_shift,0.12,72.87999987602234,16.369998455047607
gaussian_noise,matched_feature_shape_distortion,0.12,89.67999815940857,-0.42999982833862305
gaussian_noise,matched_feature_class_centered_shape,0.12,94.34000253677368,-5.090004205703735
gaussian_noise,matched_feature_permuted_shape,0.12,88.8700008392334,0.37999749183654785
gaussian_noise,matched_feature_random_shape,0.12,89.07999992370605,0.1699984073638916
gaussian_noise,matched_feature_center_shift,0.14,70.56000232696533,18.689996004104614
gaussian_noise,matched_feature_shape_distortion,0.14,89.66000080108643,-0.4100024700164795
gaussian_noise,matched_feature_class_centered_shape,0.14,95.23000121116638,-5.9800028800964355
gaussian_noise,matched_feature_permuted_shape,0.14,88.77000212669373,0.4799962043762207
gaussian_noise,matched_feature_random_shape,0.14,89.02999758720398,0.2200007438659668
gaussian_noise,matched_feature_center_shift,0.16,67.83999800682068,21.410000324249268
gaussian_noise,matched_feature_shape_distortion,0.16,89.73000049591064,-0.48000216484069824
gaussian_noise,matched_feature_class_centered_shape,0.16,95.8299994468689,-6.58000111579895
gaussian_noise,matched_feature_permuted_shape,0.16,88.66999745368958,0.5800008773803711
gaussian_noise,matched_feature_random_shape,0.16,88.96999955177307,0.279998779296875
gaussian_noise,matched_feature_center_shift,0.18,65.03000259399414,24.219995737075806
gaussian_noise,matched_feature_shape_distortion,0.18,89.7599995136261,-0.5100011825561523
gaussian_noise,matched_feature_class_centered_shape,0.18,96.46000266075134,-7.2100043296813965
gaussian_noise,matched_feature_permuted_shape,0.18,88.24999928474426,0.9999990463256836
gaussian_noise,matched_feature_random_shape,0.18,88.9299988746643,0.31999945640563965
gaussian_noise,matched_feature_center_shift,0.2,61.6599977016449,27.59000062942505
gaussian_noise,matched_feature_shape_distortion,0.2,89.80000019073486,-0.550001859664917
gaussian_noise,matched_feature_class_centered_shape,0.2,97.14000225067139,-7.89000391960144
gaussian_noise,matched_feature_permuted_shape,0.2,88.0400002002716,1.2099981307983398
gaussian_noise,matched_feature_random_shape,0.2,88.85999917984009,0.3899991512298584
gaussian_noise,matched_logit_bias,0.0,89.24999833106995,0.0
gaussian_noise,matched_logit_residual,0.0,89.24999833106995,0.0
gaussian_noise,matched_logit_bias,0.02,83.05000066757202,6.199997663497925
gaussian_noise,matched_logit_residual,0.02,89.66000080108643,-0.4100024700164795
gaussian_noise,matched_logit_bias,0.04,73.9799976348877,15.270000696182251
gaussian_noise,matched_logit_residual,0.04,89.45000171661377,-0.20000338554382324
gaussian_noise,matched_logit_bias,0.06,66.60000085830688,22.64999747276306
gaussian_noise,matched_logit_residual,0.06,84.60999727249146,4.640001058578491
gaussian_noise,matched_logit_bias,0.08,57.03999996185303,32.20999836921692
gaussian_noise,matched_logit_residual,0.08,56.23999834060669,33.00999999046326
gaussian_noise,matched_logit_bias,0.1,47.08000123500824,42.16999709606171
gaussian_noise,matched_logit_residual,0.1,30.180001258850098,59.06999707221985
gaussian_noise,matched_logit_bias,0.12,42.14999973773956,47.09999859333038
gaussian_noise,matched_logit_residual,0.12,21.02999985218048,68.21999847888947
gaussian_noise,matched_logit_bias,0.14,38.94999921321869,50.29999911785126
gaussian_noise,matched_logit_residual,0.14,15.979999303817749,73.2699990272522
gaussian_noise,matched_logit_bias,0.16,35.510000586509705,53.73999774456024
gaussian_noise,matched_logit_residual,0.16,12.569999694824219,76.67999863624573
gaussian_noise,matched_logit_bias,0.18,31.270000338554382,57.979997992515564
gaussian_noise,matched_logit_residual,0.18,9.969999641180038,79.27999868988991
gaussian_noise,matched_logit_bias,0.2,28.15999984741211,61.08999848365784
gaussian_noise,matched_logit_residual,0.2,8.370000123977661,80.87999820709229
glass_blur,matched_feature_center_shift,0.0,89.24999833106995,0.0
glass_blur,matched_feature_shape_distortion,0.0,89.24999833106995,0.0
glass_blur,matched_feature_class_centered_shape,0.0,89.24999833106995,0.0
glass_blur,matched_feature_permuted_shape,0.0,89.24999833106995,0.0
glass_blur,matched_feature_random_shape,0.0,89.24999833106995,0.0
glass_blur,matched_feature_center_shift,0.02,87.70999908447266,1.53999924659729
glass_blur,matched_feature_shape_distortion,0.02,89.27000164985657,-0.020003318786621094
glass_blur,matched_feature_class_centered_shape,0.02,90.06999731063843,-0.8199989795684814
glass_blur,matched_feature_permuted_shape,0.02,89.1700029373169,0.07999539375305176
glass_blur,matched_feature_random_shape,0.02,89.24000263214111,0.009995698928833008
glass_blur,matched_feature_center_shift,0.04,85.68999767303467,3.5600006580352783
glass_blur,matched_feature_shape_distortion,0.04,89.34999704360962,-0.09999871253967285
glass_blur,matched_feature_class_centered_shape,0.04,90.93000292778015,-1.680004596710205
glass_blur,matched_feature_permuted_shape,0.04,89.19000029563904,0.0599980354309082
glass_blur,matched_feature_random_shape,0.04,89.1700029373169,0.07999539375305176
glass_blur,matched_feature_center_shift,0.06,83.49000215530396,5.759996175765991
glass_blur,matched_feature_shape_distortion,0.06,89.42999839782715,-0.18000006675720215
glass_blur,matched_feature_class_centered_shape,0.06,91.89000129699707,-2.640002965927124
glass_blur,matched_feature_permuted_shape,0.06,89.13000226020813,0.1199960708618164
glass_blur,matched_feature_random_shape,0.06,89.17999863624573,0.06999969482421875
glass_blur,matched_feature_center_shift,0.08,81.19999766349792,8.050000667572021
glass_blur,matched_feature_shape_distortion,0.08,89.50999975204468,-0.26000142097473145
glass_blur,matched_feature_class_centered_shape,0.08,92.80999898910522,-3.5600006580352783
glass_blur,matched_feature_permuted_shape,0.08,89.06999826431274,0.18000006675720215
glass_blur,matched_feature_random_shape,0.08,89.12000060081482,0.12999773025512695
glass_blur,matched_feature_center_shift,0.1,78.47999930381775,10.769999027252197
glass_blur,matched_feature_shape_distortion,0.1,89.5799994468689,-0.3300011157989502
glass_blur,matched_feature_class_centered_shape,0.1,93.76000165939331,-4.510003328323364
glass_blur,matched_feature_permuted_shape,0.1,88.81000280380249,0.43999552726745605
glass_blur,matched_feature_random_shape,0.1,89.0999972820282,0.15000104904174805
glass_blur,matched_feature_center_shift,0.12,75.1800000667572,14.069998264312744
glass_blur,matched_feature_shape_distortion,0.12,89.67000246047974,-0.42000412940979004
glass_blur,matched_feature_class_centered_shape,0.12,94.60999965667725,-5.3600013256073
glass_blur,matched_feature_permuted_shape,0.12,88.71999979019165,0.5299985408782959
glass_blur,matched_feature_random_shape,0.12,89.0500009059906,0.1999974250793457
glass_blur,matched_feature_center_shift,0.14,71.78000211715698,17.469996213912964
glass_blur,matched_feature_shape_distortion,0.14,89.68999981880188,-0.4400014877319336
glass_blur,matched_feature_class_centered_shape,0.14,95.31000256538391,-6.060004234313965
glass_blur,matched_feature_permuted_shape,0.14,88.58000040054321,0.6699979305267334
glass_blur,matched_feature_random_shape,0.14,88.99999856948853,0.2499997615814209
glass_blur,matched_feature_center_shift,0.16,67.79000163078308,21.459996700286865
glass_blur,matched_feature_shape_distortion,0.16,89.7599995136261,-0.5100011825561523
glass_blur,matched_feature_class_centered_shape,0.16,96.05000019073486,-6.800001859664917
glass_blur,matched_feature_permuted_shape,0.16,88.49999904632568,0.7499992847442627
glass_blur,matched_feature_random_shape,0.16,88.99999856948853,0.2499997615814209
glass_blur,matched_feature_center_shift,0.18,63.85999917984009,25.38999915122986
glass_blur,matched_feature_shape_distortion,0.18,89.68999981880188,-0.4400014877319336
glass_blur,matched_feature_class_centered_shape,0.18,96.78000211715698,-7.530003786087036
glass_blur,matched_feature_permuted_shape,0.18,88.12999725341797,1.1200010776519775
glass_blur,matched_feature_random_shape,0.18,89.02000188827515,0.2299964427947998
glass_blur,matched_feature_center_shift,0.2,60.589998960494995,28.65999937057495
glass_blur,matched_feature_shape_distortion,0.2,89.60999846458435,-0.3600001335144043
glass_blur,matched_feature_class_centered_shape,0.2,97.32999801635742,-8.079999685287476
glass_blur,matched_feature_permuted_shape,0.2,87.83000111579895,1.419997215270996
glass_blur,matched_feature_random_shape,0.2,88.94000053405762,0.3099977970123291
glass_blur,matched_logit_bias,0.0,89.24999833106995,0.0
glass_blur,matched_logit_residual,0.0,89.24999833106995,0.0
glass_blur,matched_logit_bias,0.02,83.60000252723694,5.649995803833008
glass_blur,matched_logit_residual,0.02,89.74999785423279,-0.4999995231628418
glass_blur,matched_logit_bias,0.04,75.48999786376953,13.760000467300415
glass_blur,matched_logit_residual,0.04,88.80000114440918,0.4499971866607666
glass_blur,matched_logit_bias,0.06,64.44000005722046,24.809998273849487
glass_blur,matched_logit_residual,0.06,75.70000290870667,13.549995422363281
glass_blur,matched_logit_bias,0.08,55.959999561309814,33.28999876976013
glass_blur,matched_logit_residual,0.08,36.19000017642975,53.0599981546402
glass_blur,matched_logit_bias,0.1,50.47000050544739,38.77999782562256
glass_blur,matched_logit_residual,0.1,20.479999482631683,68.76999884843826
glass_blur,matched_logit_bias,0.12,48.019999265670776,41.22999906539917
glass_blur,matched_logit_residual,0.12,13.600000739097595,75.64999759197235
glass_blur,matched_logit_bias,0.14,47.38999903202057,41.85999929904938
glass_blur,matched_logit_residual,0.14,10.019999742507935,79.22999858856201
glass_blur,matched_logit_bias,0.16,46.90999984741211,42.33999848365784
glass_blur,matched_logit_residual,0.16,7.440000027418137,81.80999830365181
glass_blur,matched_logit_bias,0.18,46.39999866485596,42.84999966621399
glass_blur,matched_logit_residual,0.18,5.609999969601631,83.63999836146832
glass_blur,matched_logit_bias,0.2,45.730000734329224,43.51999759674072
glass_blur,matched_logit_residual,0.2,4.740000143647194,84.50999818742275
impulse_noise,matched_feature_center_shift,0.0,89.24999833106995,0.0
impulse_noise,matched_feature_shape_distortion,0.0,89.24999833106995,0.0
impulse_noise,matched_feature_class_centered_shape,0.0,89.24999833106995,0.0
impulse_noise,matched_feature_permuted_shape,0.0,89.24999833106995,0.0
impulse_noise,matched_feature_random_shape,0.0,89.24999833106995,0.0
impulse_noise,matched_feature_center_shift,0.02,87.48000264167786,1.7699956893920898
impulse_noise,matched_feature_shape_distortion,0.02,89.2799973487854,-0.0299990177154541
impulse_noise,matched_feature_class_centered_shape,0.02,89.92000222206116,-0.6700038909912109
impulse_noise,matched_feature_permuted_shape,0.02,89.2300009727478,0.019997358322143555
impulse_noise,matched_feature_random_shape,0.02,89.21999931335449,0.0299990177154541
impulse_noise,matched_feature_center_shift,0.04,85.28000116348267,3.9699971675872803
impulse_noise,matched_feature_shape_distortion,0.04,89.45000171661377,-0.20000338554382324
impulse_noise,matched_feature_class_centered_shape,0.04,90.6499981880188,-1.3999998569488525
impulse_noise,matched_feature_permuted_shape,0.04,89.28999900817871,-0.04000067710876465
impulse_noise,matched_feature_random_shape,0.04,89.20999765396118,0.04000067710876465
impulse_noise,matched_feature_center_shift,0.06,82.52000212669373,6.729996204376221
impulse_noise,matched_feature_shape_distortion,0.06,89.49000239372253,-0.2400040626525879
impulse_noise,matched_feature_class_centered_shape,0.06,91.42000079154968,-2.1700024604797363
impulse_noise,matched_feature_permuted_shape,0.06,89.27000164985657,-0.020003318786621094
impulse_noise,matched_feature_random_shape,0.06,89.2300009727478,0.019997358322143555
impulse_noise,matched_feature_center_shift,0.08,79.57000136375427,9.679996967315674
impulse_noise,matched_feature_shape_distortion,0.08,89.49999809265137,-0.2499997615814209
impulse_noise,matched_feature_class_centered_shape,0.08,92.10000038146973,-2.8500020503997803
impulse_noise,matched_feature_permuted_shape,0.08,89.13999795913696,0.1100003719329834
impulse_noise,matched_feature_random_shape,0.08,89.16000127792358,0.0899970531463623
impulse_noise,matched_feature_center_shift,0.1,76.0200023651123,13.229995965957642
impulse_noise,matched_feature_shape_distortion,0.1,89.56999778747559,-0.31999945640563965
impulse_noise,matched_feature_class_centered_shape,0.1,92.9099977016449,-3.659999370574951
impulse_noise,matched_feature_permuted_shape,0.1,88.98000121116638,0.26999711990356445
impulse_noise,matched_feature_random_shape,0.1,89.10999894142151,0.1399993896484375
impulse_noise,matched_feature_center_shift,0.12,71.93999886512756,17.309999465942383
impulse_noise,matched_feature_shape_distortion,0.12,89.66000080108643,-0.4100024700164795
impulse_noise,matched_feature_class_centered_shape,0.12,93.50000023841858,-4.250001907348633
impulse_noise,matched_feature_permuted_shape,0.12,88.84999752044678,0.40000081062316895
impulse_noise,matched_feature_random_shape,0.12,88.99999856948853,0.2499997615814209
impulse_noise,matched_feature_center_shift,0.14,67.83999800682068,21.410000324249268
impulse_noise,matched_feature_shape_distortion,0.14,89.77000117301941,-0.5200028419494629
impulse_noise,matched_feature_class_centered_shape,0.14,94.09000277519226,-4.8400044441223145
impulse_noise,matched_feature_permuted_shape,0.14,88.71999979019165,0.5299985408782959
impulse_noise,matched_feature_random_shape,0.14,88.95000219345093,0.29999613761901855
impulse_noise,matched_feature_center_shift,0.16,64.06000256538391,25.189995765686035
impulse_noise,matched_feature_shape_distortion,0.16,89.85000252723694,-0.6000041961669922
impulse_noise,matched_feature_class_centered_shape,0.16,94.67999935150146,-5.4300010204315186
impulse_noise,matched_feature_permuted_shape,0.16,88.45000267028809,0.7999956607818604
impulse_noise,matched_feature_random_shape,0.16,88.99000287055969,0.2599954605102539
impulse_noise,matched_feature_center_shift,0.18,60.32000184059143,28.929996490478516
impulse_noise,matched_feature_shape_distortion,0.18,89.81000185012817,-0.5600035190582275
impulse_noise,matched_feature_class_centered_shape,0.18,95.13000249862671,-5.880004167556763
impulse_noise,matched_feature_permuted_shape,0.18,88.16999793052673,1.080000400543213
impulse_noise,matched_feature_random_shape,0.18,89.01000022888184,0.23999810218811035
impulse_noise,matched_feature_center_shift,0.2,56.87999725341797,32.37000107765198
impulse_noise,matched_feature_shape_distortion,0.2,89.819997549057,-0.5699992179870605
impulse_noise,matched_feature_class_centered_shape,0.2,95.67000269889832,-6.420004367828369
impulse_noise,matched_feature_permuted_shape,0.2,87.88999915122986,1.359999179840088
impulse_noise,matched_feature_random_shape,0.2,88.91000151634216,0.3399968147277832
impulse_noise,matched_logit_bias,0.0,89.24999833106995,0.0
impulse_noise,matched_logit_residual,0.0,89.24999833106995,0.0
impulse_noise,matched_logit_bias,0.02,83.10999870300293,6.139999628067017
impulse_noise,matched_logit_residual,0.02,89.86999988555908,-0.6200015544891357
impulse_noise,matched_logit_bias,0.04,73.43999743461609,15.810000896453857
impulse_noise,matched_logit_residual,0.04,88.62000107765198,0.6299972534179688
impulse_noise,matched_logit_bias,0.06,62.199997901916504,27.050000429153442
impulse_noise,matched_logit_residual,0.06,79.07000184059143,10.179996490478516
impulse_noise,matched_logit_bias,0.08,52.99999713897705,36.250001192092896
impulse_noise,matched_logit_residual,0.08,54.30999994277954,34.939998388290405
impulse_noise,matched_logit_bias,0.1,47.08000123500824,42.16999709606171
impulse_noise,matched_logit_residual,0.1,40.389999747276306,48.85999858379364
impulse_noise,matched_logit_bias,0.12,43.1300014257431,46.11999690532684
impulse_noise,matched_logit_residual,0.12,32.499998807907104,56.74999952316284
impulse_noise,matched_logit_bias,0.14,41.01000130176544,48.239997029304504
impulse_noise,matched_logit_residual,0.14,27.070000767707825,62.17999756336212
impulse_noise,matched_logit_bias,0.16,39.25999999046326,49.98999834060669
impulse_noise,matched_logit_residual,0.16,22.280000150203705,66.96999818086624
impulse_noise,matched_logit_bias,0.18,36.71000003814697,52.539998292922974
impulse_noise,matched_logit_residual,0.18,18.610000610351562,70.63999772071838
impulse_noise,matched_logit_bias,0.2,33.959999680519104,55.28999865055084
impulse_noise,matched_logit_residual,0.2,15.6700000166893,73.57999831438065
jpeg_compression,matched_feature_center_shift,0.0,89.24999833106995,0.0
jpeg_compression,matched_feature_shape_distortion,0.0,89.24999833106995,0.0
jpeg_compression,matched_feature_class_centered_shape,0.0,89.24999833106995,0.0
jpeg_compression,matched_feature_permuted_shape,0.0,89.24999833106995,0.0
jpeg_compression,matched_feature_random_shape,0.0,89.24999833106995,0.0
jpeg_compression,matched_feature_center_shift,0.02,87.26999759674072,1.9800007343292236
jpeg_compression,matched_feature_shape_distortion,0.02,89.30000066757202,-0.050002336502075195
jpeg_compression,matched_feature_class_centered_shape,0.02,89.88000154495239,-0.6300032138824463
jpeg_compression,matched_feature_permuted_shape,0.02,89.20999765396118,0.04000067710876465
jpeg_compression,matched_feature_random_shape,0.02,89.20999765396118,0.04000067710876465
jpeg_compression,matched_feature_center_shift,0.04,84.78000164031982,4.469996690750122
jpeg_compression,matched_feature_shape_distortion,0.04,89.410001039505,-0.1600027084350586
jpeg_compression,matched_feature_class_centered_shape,0.04,90.57999849319458,-1.3300001621246338
jpeg_compression,matched_feature_permuted_shape,0.04,89.20999765396118,0.04000067710876465
jpeg_compression,matched_feature_random_shape,0.04,89.24000263214111,0.009995698928833008
jpeg_compression,matched_feature_center_shift,0.06,81.87999725341797,7.3700010776519775
jpeg_compression,matched_feature_shape_distortion,0.06,89.53999876976013,-0.29000043869018555
jpeg_compression,matched_feature_class_centered_shape,0.06,91.21999740600586,-1.969999074935913
jpeg_compression,matched_feature_permuted_shape,0.06,89.10999894142151,0.1399993896484375
jpeg_compression,matched_feature_random_shape,0.06,89.21999931335449,0.0299990177154541
jpeg_compression,matched_feature_center_shift,0.08,78.72999906539917,10.519999265670776
jpeg_compression,matched_feature_shape_distortion,0.08,89.53999876976013,-0.29000043869018555
jpeg_compression,matched_feature_class_centered_shape,0.08,91.80999994277954,-2.5600016117095947
jpeg_compression,matched_feature_permuted_shape,0.08,89.03999924659729,0.20999908447265625
jpeg_compression,matched_feature_random_shape,0.08,89.1700029373169,0.07999539375305176
jpeg_compression,matched_feature_center_shift,0.1,74.95999932289124,14.289999008178711
jpeg_compression,matched_feature_shape_distortion,0.1,89.60999846458435,-0.3600001335144043
jpeg_compression,matched_feature_class_centered_shape,0.1,92.3799991607666,-3.1300008296966553
jpeg_compression,matched_feature_permuted_shape,0.1,88.99999856948853,0.2499997615814209
jpeg_compression,matched_feature_random_shape,0.1,89.02999758720398,0.2200007438659668
jpeg_compression,matched_feature_center_shift,0.12,71.29999995231628,17.949998378753662
jpeg_compression,matched_feature_shape_distortion,0.12,89.62000012397766,-0.37000179290771484
jpeg_compression,matched_feature_class_centered_shape,0.12,92.90000200271606,-3.650003671646118
jpeg_compression,matched_feature_permuted_shape,0.12,88.85999917984009,0.3899991512298584
jpeg_compression,matched_feature_random_shape,0.12,89.06000256538391,0.18999576568603516
jpeg_compression,matched_feature_center_shift,0.14,67.9099977016449,21.34000062942505
jpeg_compression,matched_feature_shape_distortion,0.14,89.78000283241272,-0.5300045013427734
jpeg_compression,matched_feature_class_centered_shape,0.14,93.59999895095825,-4.350000619888306
jpeg_compression,matched_feature_permuted_shape,0.14,88.60999941825867,0.6399989128112793
jpeg_compression,matched_feature_random_shape,0.14,88.95999789237976,0.29000043869018555
jpeg_compression,matched_feature_center_shift,0.16,64.38000202178955,24.869996309280396
jpeg_compression,matched_feature_shape_distortion,0.16,89.67000246047974,-0.42000412940979004
jpeg_compression,matched_feature_class_centered_shape,0.16,94.19000148773193,-4.940003156661987
jpeg_compression,matched_feature_permuted_shape,0.16,88.44000101089478,0.8099973201751709
jpeg_compression,matched_feature_random_shape,0.16,88.8700008392334,0.37999749183654785
jpeg_compression,matched_feature_center_shift,0.18,60.96000075340271,28.289997577667236
jpeg_compression,matched_feature_shape_distortion,0.18,89.66000080108643,-0.4100024700164795
jpeg_compression,matched_feature_class_centered_shape,0.18,94.73000168800354,-5.480003356933594
jpeg_compression,matched_feature_permuted_shape,0.18,88.20000290870667,1.0499954223632812
jpeg_compression,matched_feature_random_shape,0.18,88.80000114440918,0.4499971866607666
jpeg_compression,matched_feature_center_shift,0.2,57.16000199317932,32.089996337890625
jpeg_compression,matched_feature_shape_distortion,0.2,89.68999981880188,-0.4400014877319336
jpeg_compression,matched_feature_class_centered_shape,0.2,95.16000151634216,-5.910003185272217
jpeg_compression,matched_feature_permuted_shape,0.2,87.83000111579895,1.419997215270996
jpeg_compression,matched_feature_random_shape,0.2,88.71999979019165,0.5299985408782959
jpeg_compression,matched_logit_bias,0.0,89.24999833106995,0.0
jpeg_compression,matched_logit_residual,0.0,89.24999833106995,0.0
jpeg_compression,matched_logit_bias,0.02,82.34999775886536,6.90000057220459
jpeg_compression,matched_logit_residual,0.02,89.67000246047974,-0.42000412940979004
jpeg_compression,matched_logit_bias,0.04,72.28999733924866,16.96000099182129
jpeg_compression,matched_logit_residual,0.04,87.73999810218811,1.510000228881836
jpeg_compression,matched_logit_bias,0.06,62.3199999332428,26.92999839782715
jpeg_compression,matched_logit_residual,0.06,71.02000117301941,18.229997158050537
jpeg_compression,matched_logit_bias,0.08,52.84000039100647,36.40999794006348
jpeg_compression,matched_logit_residual,0.08,47.620001435279846,41.6299968957901
jpeg_compression,matched_logit_bias,0.1,45.730000734329224,43.51999759674072
jpeg_compression,matched_logit_residual,0.1,35.85000038146973,53.39999794960022
jpeg_compression,matched_logit_bias,0.12,42.6800012588501,46.56999707221985
jpeg_compression,matched_logit_residual,0.12,28.15999984741211,61.08999848365784
jpeg_compression,matched_logit_bias,0.14,40.72999954223633,48.51999878883362
jpeg_compression,matched_logit_residual,0.14,22.87999987602234,66.36999845504761
jpeg_compression,matched_logit_bias,0.16,37.3199999332428,51.92999839782715
jpeg_compression,matched_logit_residual,0.16,18.880000710487366,70.36999762058258
jpeg_compression,matched_logit_bias,0.18,33.28999876976013,55.959999561309814
jpeg_compression,matched_logit_residual,0.18,16.06000065803528,73.18999767303467
jpeg_compression,matched_logit_bias,0.2,30.149999260902405,59.09999907016754
jpeg_compression,matched_logit_residual,0.2,13.590000569820404,75.65999776124954
motion_blur,matched_feature_center_shift,0.0,89.24999833106995,0.0
motion_blur,matched_feature_shape_distortion,0.0,89.24999833106995,0.0
motion_blur,matched_feature_class_centered_shape,0.0,89.24999833106995,0.0
motion_blur,matched_feature_permuted_shape,0.0,89.24999833106995,0.0
motion_blur,matched_feature_random_shape,0.0,89.24999833106995,0.0
motion_blur,matched_feature_center_shift,0.02,87.44999766349792,1.8000006675720215
motion_blur,matched_feature_shape_distortion,0.02,89.27000164985657,-0.020003318786621094
motion_blur,matched_feature_class_centered_shape,0.02,89.70999717712402,-0.45999884605407715
motion_blur,matched_feature_permuted_shape,0.02,89.24000263214111,0.009995698928833008
motion_blur,matched_feature_random_shape,0.02,89.19000029563904,0.0599980354309082
motion_blur,matched_feature_center_shift,0.04,85.15999913215637,4.089999198913574
motion_blur,matched_feature_shape_distortion,0.04,89.38000202178955,-0.1300036907196045
motion_blur,matched_feature_class_centered_shape,0.04,90.27000069618225,-1.0200023651123047
motion_blur,matched_feature_permuted_shape,0.04,89.13999795913696,0.1100003719329834
motion_blur,matched_feature_random_shape,0.04,89.2799973487854,-0.0299990177154541
motion_blur,matched_feature_center_shift,0.06,82.4500024318695,6.7999958992004395
motion_blur,matched_feature_shape_distortion,0.06,89.52000141143799,-0.270003080368042
motion_blur,matched_feature_class_centered_shape,0.06,90.89000225067139,-1.6400039196014404
motion_blur,matched_feature_permuted_shape,0.06,89.20999765396118,0.04000067710876465
motion_blur,matched_feature_random_shape,0.06,89.28999900817871,-0.04000067710876465
motion_blur,matched_feature_center_shift,0.08,79.61000204086304,9.63999629020691
motion_blur,matched_feature_shape_distortion,0.08,89.78999853134155,-0.5400002002716064
motion_blur,matched_feature_class_centered_shape,0.08,91.51999950408936,-2.270001173019409
motion_blur,matched_feature_permuted_shape,0.08,89.02999758720398,0.2200007438659668
motion_blur,matched_feature_random_shape,0.08,89.20999765396118,0.04000067710876465
motion_blur,matched_feature_center_shift,0.1,76.52999758720398,12.720000743865967
motion_blur,matched_feature_shape_distortion,0.1,89.96999859809875,-0.7200002670288086
motion_blur,matched_feature_class_centered_shape,0.1,91.97999835014343,-2.7300000190734863
motion_blur,matched_feature_permuted_shape,0.1,89.07999992370605,0.1699984073638916
motion_blur,matched_feature_random_shape,0.1,89.27000164985657,-0.020003318786621094
motion_blur,matched_feature_center_shift,0.12,73.40999841690063,15.839999914169312
motion_blur,matched_feature_shape_distortion,0.12,90.02000093460083,-0.7700026035308838
motion_blur,matched_feature_class_centered_shape,0.12,92.58999824523926,-3.3399999141693115
motion_blur,matched_feature_permuted_shape,0.12,88.88000249862671,0.3699958324432373
motion_blur,matched_feature_random_shape,0.12,89.20999765396118,0.04000067710876465
motion_blur,matched_feature_center_shift,0.14,70.77000141143799,18.479996919631958
motion_blur,matched_feature_shape_distortion,0.14,90.1199996471405,-0.8700013160705566
motion_blur,matched_feature_class_centered_shape,0.14,93.09999942779541,-3.850001096725464
motion_blur,matched_feature_permuted_shape,0.14,88.70999813079834,0.5400002002716064
motion_blur,matched_feature_random_shape,0.14,89.20000195503235,0.049996376037597656
motion_blur,matched_feature_center_shift,0.16,68.2200014591217,21.029996871948242
motion_blur,matched_feature_shape_distortion,0.16,90.16000032424927,-0.9100019931793213
motion_blur,matched_feature_class_centered_shape,0.16,93.54000091552734,-4.2900025844573975
motion_blur,matched_feature_permuted_shape,0.16,88.52999806404114,0.7200002670288086
motion_blur,matched_feature_random_shape,0.16,89.13999795913696,0.1100003719329834
motion_blur,matched_feature_center_shift,0.18,65.89999794960022,23.350000381469727
motion_blur,matched_feature_shape_distortion,0.18,90.03000259399414,-0.7800042629241943
motion_blur,matched_feature_class_centered_shape,0.18,93.76000165939331,-4.510003328323364
motion_blur,matched_feature_permuted_shape,0.18,88.41000199317932,0.839996337890625
motion_blur,matched_feature_random_shape,0.18,89.1700029373169,0.07999539375305176
motion_blur,matched_feature_center_shift,0.2,63.73000144958496,25.519996881484985
motion_blur,matched_feature_shape_distortion,0.2,89.99999761581421,-0.7499992847442627
motion_blur,matched_feature_class_centered_shape,0.2,93.94000172615051,-4.690003395080566
motion_blur,matched_feature_permuted_shape,0.2,87.88999915122986,1.359999179840088
motion_blur,matched_feature_random_shape,0.2,89.02000188827515,0.2299964427947998
motion_blur,matched_logit_bias,0.0,89.24999833106995,0.0
motion_blur,matched_logit_residual,0.0,89.24999833106995,0.0
motion_blur,matched_logit_bias,0.02,82.4500024318695,6.7999958992004395
motion_blur,matched_logit_residual,0.02,89.96000289916992,-0.7100045680999756
motion_blur,matched_logit_bias,0.04,73.33999872207642,15.90999960899353
motion_blur,matched_logit_residual,0.04,89.96999859809875,-0.7200002670288086
motion_blur,matched_logit_bias,0.06,65.85999727249146,23.39000105857849
motion_blur,matched_logit_residual,0.06,87.72000074386597,1.5299975872039795
motion_blur,matched_logit_bias,0.08,59.79999899864197,29.44999933242798
motion_blur,matched_logit_residual,0.08,79.54000234603882,9.709995985031128
motion_blur,matched_logit_bias,0.1,53.39000225067139,35.85999608039856
motion_blur,matched_logit_residual,0.1,67.97000169754028,21.279996633529663
motion_blur,matched_logit_bias,0.12,47.54999876022339,41.69999957084656
motion_blur,matched_logit_residual,0.12,59.14999842643738,30.09999990463257
motion_blur,matched_logit_bias,0.14,43.61000061035156,45.639997720718384
motion_blur,matched_logit_residual,0.14,52.91000008583069,36.33999824523926
motion_blur,matched_logit_bias,0.16,40.720000863075256,48.52999746799469
motion_blur,matched_logit_residual,0.16,46.57000005245209,42.67999827861786
motion_blur,matched_logit_bias,0.18,39.329999685287476,49.91999864578247
motion_blur,matched_logit_residual,0.18,40.77000021934509,48.47999811172485
motion_blur,matched_logit_bias,0.2,38.94000053405762,50.30999779701233
motion_blur,matched_logit_residual,0.2,35.74000000953674,53.5099983215332
pixelate,matched_feature_center_shift,0.0,89.24999833106995,0.0
pixelate,matched_feature_shape_distortion,0.0,89.24999833106995,0.0
pixelate,matched_feature_class_centered_shape,0.0,89.24999833106995,0.0
pixelate,matched_feature_permuted_shape,0.0,89.24999833106995,0.0
pixelate,matched_feature_random_shape,0.0,89.24999833106995,0.0
pixelate,matched_feature_center_shift,0.02,87.84000277519226,1.4099955558776855
pixelate,matched_feature_shape_distortion,0.02,89.2799973487854,-0.0299990177154541
pixelate,matched_feature_class_centered_shape,0.02,89.95000123977661,-0.700002908706665
pixelate,matched_feature_permuted_shape,0.02,89.20000195503235,0.049996376037597656
pixelate,matched_feature_random_shape,0.02,89.24999833106995,0.0
pixelate,matched_feature_center_shift,0.04,86.01999878883362,3.229999542236328
pixelate,matched_feature_shape_distortion,0.04,89.37000036239624,-0.12000203132629395
pixelate,matched_feature_class_centered_shape,0.04,90.78999757766724,-1.53999924659729
pixelate,matched_feature_permuted_shape,0.04,89.12000060081482,0.12999773025512695
pixelate,matched_feature_random_shape,0.04,89.24000263214111,0.009995698928833008
pixelate,matched_feature_center_shift,0.06,83.96000266075134,5.2899956703186035
pixelate,matched_feature_shape_distortion,0.06,89.34999704360962,-0.09999871253967285
pixelate,matched_feature_class_centered_shape,0.06,91.54000282287598,-2.2900044918060303
pixelate,matched_feature_permuted_shape,0.06,89.0500009059906,0.1999974250793457
pixelate,matched_feature_random_shape,0.06,89.14999961853027,0.09999871253967285
pixelate,matched_feature_center_shift,0.08,81.74999952316284,7.4999988079071045
pixelate,matched_feature_shape_distortion,0.08,89.42000269889832,-0.17000436782836914
pixelate,matched_feature_class_centered_shape,0.08,92.36000180244446,-3.1100034713745117
pixelate,matched_feature_permuted_shape,0.08,88.94000053405762,0.3099977970123291
pixelate,matched_feature_random_shape,0.08,89.20000195503235,0.049996376037597656
pixelate,matched_feature_center_shift,0.1,79.25000190734863,9.999996423721313
pixelate,matched_feature_shape_distortion,0.1,89.55000042915344,-0.3000020980834961
pixelate,matched_feature_class_centered_shape,0.1,93.15000176429749,-3.900003433227539
pixelate,matched_feature_permuted_shape,0.1,88.95000219345093,0.29999613761901855
pixelate,matched_feature_random_shape,0.1,89.25999999046326,-0.010001659393310547
pixelate,matched_feature_center_shift,0.12,76.70999765396118,12.540000677108765
pixelate,matched_feature_shape_distortion,0.12,89.5799994468689,-0.3300011157989502
pixelate,matched_feature_class_centered_shape,0.12,93.99999976158142,-4.750001430511475
pixelate,matched_feature_permuted_shape,0.12,88.7499988079071,0.4999995231628418
pixelate,matched_feature_random_shape,0.12,89.30000066757202,-0.050002336502075195
pixelate,matched_feature_center_shift,0.14,73.48999977111816,15.759998559951782
pixelate,matched_feature_shape_distortion,0.14,89.63000178337097,-0.3800034523010254
pixelate,matched_feature_class_centered_shape,0.14,94.63000297546387,-5.380004644393921
pixelate,matched_feature_permuted_shape,0.14,88.67999911308289,0.5699992179870605
pixelate,matched_feature_random_shape,0.14,89.2300009727478,0.019997358322143555
pixelate,matched_feature_center_shift,0.16,69.70999836921692,19.539999961853027
pixelate,matched_feature_shape_distortion,0.16,89.70000147819519,-0.45000314712524414
pixelate,matched_feature_class_centered_shape,0.16,95.3499972820282,-6.099998950958252
pixelate,matched_feature_permuted_shape,0.16,88.48999738693237,0.7600009441375732
pixelate,matched_feature_random_shape,0.16,89.13999795913696,0.1100003719329834
pixelate,matched_feature_center_shift,0.18,65.71999788284302,23.53000044822693
pixelate,matched_feature_shape_distortion,0.18,89.63000178337097,-0.3800034523010254
pixelate,matched_feature_class_centered_shape,0.18,95.95000147819519,-6.700003147125244
pixelate,matched_feature_permuted_shape,0.18,88.30000162124634,0.9499967098236084
pixelate,matched_feature_random_shape,0.18,89.03999924659729,0.20999908447265625
pixelate,matched_feature_center_shift,0.2,62.059998512268066,27.18999981880188
pixelate,matched_feature_shape_distortion,0.2,89.60999846458435,-0.3600001335144043
pixelate,matched_feature_class_centered_shape,0.2,96.56000137329102,-7.310003042221069
pixelate,matched_feature_permuted_shape,0.2,88.05999755859375,1.1900007724761963
pixelate,matched_feature_random_shape,0.2,88.98000121116638,0.26999711990356445
pixelate,matched_logit_bias,0.0,89.24999833106995,0.0
pixelate,matched_logit_residual,0.0,89.24999833106995,0.0
pixelate,matched_logit_bias,0.02,84.34000015258789,4.909998178482056
pixelate,matched_logit_residual,0.02,89.56000208854675,-0.31000375747680664
pixelate,matched_logit_bias,0.04,77.73000001907349,11.51999831199646
pixelate,matched_logit_residual,0.04,89.64999914169312,-0.40000081062316895
pixelate,matched_logit_bias,0.06,68.15999746322632,21.090000867843628
pixelate,matched_logit_residual,0.06,89.07999992370605,0.1699984073638916
pixelate,matched_logit_bias,0.08,58.28999876976013,30.959999561309814
pixelate,matched_logit_residual,0.08,83.73000025749207,5.519998073577881
pixelate,matched_logit_bias,0.1,49.8199999332428,39.42999839782715
pixelate,matched_logit_residual,0.1,63.81000280380249,25.439995527267456
pixelate,matched_logit_bias,0.12,42.410001158714294,46.83999717235565
pixelate,matched_logit_residual,0.12,42.730000615119934,46.51999771595001
pixelate,matched_logit_bias,0.14,35.60999929904938,53.63999903202057
pixelate,matched_logit_residual,0.14,31.540000438690186,57.70999789237976
pixelate,matched_logit_bias,0.16,31.229999661445618,58.01999866962433
pixelate,matched_logit_residual,0.16,25.0900000333786,64.15999829769135
pixelate,matched_logit_bias,0.18,28.389999270439148,60.8599990606308
pixelate,matched_logit_residual,0.18,20.85999995470047,68.38999837636948
pixelate,matched_logit_bias,0.2,26.94000005722046,62.30999827384949
pixelate,matched_logit_residual,0.2,17.70000010728836,71.54999822378159
shot_noise,matched_feature_center_shift,0.0,89.24999833106995,0.0
shot_noise,matched_feature_shape_distortion,0.0,89.24999833106995,0.0
shot_noise,matched_feature_class_centered_shape,0.0,89.24999833106995,0.0
shot_noise,matched_feature_permuted_shape,0.0,89.24999833106995,0.0
shot_noise,matched_feature_random_shape,0.0,89.24999833106995,0.0
shot_noise,matched_feature_center_shift,0.02,87.44000196456909,1.8099963665008545
shot_noise,matched_feature_shape_distortion,0.02,89.27000164985657,-0.020003318786621094
shot_noise,matched_feature_class_centered_shape,0.02,90.03000259399414,-0.7800042629241943
shot_noise,matched_feature_permuted_shape,0.02,89.1700029373169,0.07999539375305176
shot_noise,matched_feature_random_shape,0.02,89.24000263214111,0.009995698928833008
shot_noise,matched_feature_center_shift,0.04,85.19999980926514,4.04999852180481
shot_noise,matched_feature_shape_distortion,0.04,89.38000202178955,-0.1300036907196045
shot_noise,matched_feature_class_centered_shape,0.04,90.9500002861023,-1.7000019550323486
shot_noise,matched_feature_permuted_shape,0.04,89.13999795913696,0.1100003719329834
shot_noise,matched_feature_random_shape,0.04,89.1700029373169,0.07999539375305176
shot_noise,matched_feature_center_shift,0.06,82.4899971485138,6.760001182556152
shot_noise,matched_feature_shape_distortion,0.06,89.44000005722046,-0.1900017261505127
shot_noise,matched_feature_class_centered_shape,0.06,91.75000190734863,-2.5000035762786865
shot_noise,matched_feature_permuted_shape,0.06,89.1700029373169,0.07999539375305176
shot_noise,matched_feature_random_shape,0.06,89.17999863624573,0.06999969482421875
shot_noise,matched_feature_center_shift,0.08,79.46000099182129,9.789997339248657
shot_noise,matched_feature_shape_distortion,0.08,89.56999778747559,-0.31999945640563965
shot_noise,matched_feature_class_centered_shape,0.08,92.51999855041504,-3.2700002193450928
shot_noise,matched_feature_permuted_shape,0.08,89.06000256538391,0.18999576568603516
shot_noise,matched_feature_random_shape,0.08,89.12000060081482,0.12999773025512695
shot_noise,matched_feature_center_shift,0.1,75.81999897956848,13.429999351501465
shot_noise,matched_feature_shape_distortion,0.1,89.63000178337097,-0.3800034523010254
shot_noise,matched_feature_class_centered_shape,0.1,93.45999956130981,-4.210001230239868
shot_noise,matched_feature_permuted_shape,0.1,88.88000249862671,0.3699958324432373
shot_noise,matched_feature_random_shape,0.1,89.0999972820282,0.15000104904174805
shot_noise,matched_feature_center_shift,0.12,72.45000004768372,16.79999828338623
shot_noise,matched_feature_shape_distortion,0.12,89.73000049591064,-0.48000216484069824
shot_noise,matched_feature_class_centered_shape,0.12,94.20999884605408,-4.960000514984131
shot_noise,matched_feature_permuted_shape,0.12,88.63999843597412,0.6099998950958252
shot_noise,matched_feature_random_shape,0.12,89.0500009059906,0.1999974250793457
shot_noise,matched_feature_center_shift,0.14,69.67999935150146,19.56999897956848
shot_noise,matched_feature_shape_distortion,0.14,89.82999920845032,-0.5800008773803711
shot_noise,matched_feature_class_centered_shape,0.14,94.90000009536743,-5.650001764297485
shot_noise,matched_feature_permuted_shape,0.14,88.41999769210815,0.830000638961792
shot_noise,matched_feature_random_shape,0.14,88.99999856948853,0.2499997615814209
shot_noise,matched_feature_center_shift,0.16,66.71000123023987,22.539997100830078
shot_noise,matched_feature_shape_distortion,0.16,89.92000222206116,-0.6700038909912109
shot_noise,matched_feature_class_centered_shape,0.16,95.55000066757202,-6.300002336502075
shot_noise,matched_feature_permuted_shape,0.16,88.31999897956848,0.9299993515014648
shot_noise,matched_feature_random_shape,0.16,88.99999856948853,0.2499997615814209
shot_noise,matched_feature_center_shift,0.18,63.5699987411499,25.679999589920044
shot_noise,matched_feature_shape_distortion,0.18,90.02000093460083,-0.7700026035308838
shot_noise,matched_feature_class_centered_shape,0.18,96.17999792098999,-6.929999589920044
shot_noise,matched_feature_permuted_shape,0.18,88.10999989509583,1.139998435974121
shot_noise,matched_feature_random_shape,0.18,89.02000188827515,0.2299964427947998
shot_noise,matched_feature_center_shift,0.2,59.960001707077026,29.28999662399292
shot_noise,matched_feature_shape_distortion,0.2,90.14000296592712,-0.8900046348571777
shot_noise,matched_feature_class_centered_shape,0.2,96.82000279426575,-7.570004463195801
shot_noise,matched_feature_permuted_shape,0.2,87.83000111579895,1.419997215270996
shot_noise,matched_feature_random_shape,0.2,88.94000053405762,0.3099977970123291
shot_noise,matched_logit_bias,0.0,89.24999833106995,0.0
shot_noise,matched_logit_residual,0.0,89.24999833106995,0.0
shot_noise,matched_logit_bias,0.02,83.10999870300293,6.139999628067017
shot_noise,matched_logit_residual,0.02,89.84000086784363,-0.5900025367736816
shot_noise,matched_logit_bias,0.04,73.68000149726868,15.56999683380127
shot_noise,matched_logit_residual,0.04,89.80000019073486,-0.550001859664917
shot_noise,matched_logit_bias,0.06,65.57999849319458,23.669999837875366
shot_noise,matched_logit_residual,0.06,84.92000102996826,4.329997301101685
shot_noise,matched_logit_bias,0.08,55.51999807357788,33.730000257492065
shot_noise,matched_logit_residual,0.08,56.44000172615051,32.809996604919434
shot_noise,matched_logit_bias,0.1,46.91999852657318,42.329999804496765
shot_noise,matched_logit_residual,0.1,32.69000053405762,56.55999779701233
shot_noise,matched_logit_bias,0.12,42.7700012922287,46.47999703884125
shot_noise,matched_logit_residual,0.12,23.649999499320984,65.59999883174896
shot_noise,matched_logit_bias,0.14,40.1199996471405,49.12999868392944
shot_noise,matched_logit_residual,0.14,18.51000040769577,70.73999792337418
shot_noise,matched_logit_bias,0.16,37.63999938964844,51.60999894142151
shot_noise,matched_logit_residual,0.16,14.9399995803833,74.30999875068665
shot_noise,matched_logit_bias,0.18,34.83000099658966,54.419997334480286
shot_noise,matched_logit_residual,0.18,11.980000138282776,77.26999819278717
shot_noise,matched_logit_bias,0.2,31.589999794960022,57.659998536109924
shot_noise,matched_logit_residual,0.2,10.14999970793724,79.0999986231327
snow,matched_feature_center_shift,0.0,89.24999833106995,0.0
snow,matched_feature_shape_distortion,0.0,89.24999833106995,0.0
snow,matched_feature_class_centered_shape,0.0,89.24999833106995,0.0
snow,matched_feature_permuted_shape,0.0,89.24999833106995,0.0
snow,matched_feature_random_shape,0.0,89.24999833106995,0.0
snow,matched_feature_center_shift,0.02,87.55999803543091,1.690000295639038
snow,matched_feature_shape_distortion,0.02,89.42000269889832,-0.17000436782836914
snow,matched_feature_class_centered_shape,0.02,89.67000246047974,-0.42000412940979004
snow,matched_feature_permuted_shape,0.02,89.19000029563904,0.0599980354309082
snow,matched_feature_random_shape,0.02,89.19000029563904,0.0599980354309082
snow,matched_feature_center_shift,0.04,85.4099988937378,3.8399994373321533
snow,matched_feature_shape_distortion,0.04,89.70999717712402,-0.45999884605407715
snow,matched_feature_class_centered_shape,0.04,90.28000235557556,-1.0300040245056152
snow,matched_feature_permuted_shape,0.04,89.19000029563904,0.0599980354309082
snow,matched_feature_random_shape,0.04,89.19000029563904,0.0599980354309082
snow,matched_feature_center_shift,0.06,83.12000036239624,6.129997968673706
snow,matched_feature_shape_distortion,0.06,89.96999859809875,-0.7200002670288086
snow,matched_feature_class_centered_shape,0.06,90.70000052452087,-1.4500021934509277
snow,matched_feature_permuted_shape,0.06,89.06000256538391,0.18999576568603516
snow,matched_feature_random_shape,0.06,89.09000158309937,0.15999674797058105
snow,matched_feature_center_shift,0.08,80.59999942779541,8.649998903274536
snow,matched_feature_shape_distortion,0.08,90.14999866485596,-0.9000003337860107
snow,matched_feature_class_centered_shape,0.08,91.17000102996826,-1.9200026988983154
snow,matched_feature_permuted_shape,0.08,89.02999758720398,0.2200007438659668
snow,matched_feature_random_shape,0.08,89.0999972820282,0.15000104904174805
snow,matched_feature_center_shift,0.1,77.920001745224,11.329996585845947
snow,matched_feature_shape_distortion,0.1,90.34000039100647,-1.0900020599365234
snow,matched_feature_class_centered_shape,0.1,91.64999723434448,-2.399998903274536
snow,matched_feature_permuted_shape,0.1,89.01000022888184,0.23999810218811035
snow,matched_feature_random_shape,0.1,89.0500009059906,0.1999974250793457
snow,matched_feature_center_shift,0.12,74.84999895095825,14.399999380111694
snow,matched_feature_shape_distortion,0.12,90.47999978065491,-1.230001449584961
snow,matched_feature_class_centered_shape,0.12,92.07000136375427,-2.820003032684326
snow,matched_feature_permuted_shape,0.12,88.85999917984009,0.3899991512298584
snow,matched_feature_random_shape,0.12,89.0500009059906,0.1999974250793457
snow,matched_feature_center_shift,0.14,71.46999835968018,17.77999997138977
snow,matched_feature_shape_distortion,0.14,90.42999744415283,-1.1799991130828857
snow,matched_feature_class_centered_shape,0.14,92.43000149726868,-3.1800031661987305
snow,matched_feature_permuted_shape,0.14,88.62000107765198,0.6299972534179688
snow,matched_feature_random_shape,0.14,89.06999826431274,0.18000006675720215
snow,matched_feature_center_shift,0.16,67.90000200271606,21.349996328353882
snow,matched_feature_shape_distortion,0.16,90.35999774932861,-1.109999418258667
snow,matched_feature_class_centered_shape,0.16,92.58000254631042,-3.3300042152404785
snow,matched_feature_permuted_shape,0.16,88.52999806404114,0.7200002670288086
snow,matched_feature_random_shape,0.16,89.02000188827515,0.2299964427947998
snow,matched_feature_center_shift,0.18,64.68999981880188,24.559998512268066
snow,matched_feature_shape_distortion,0.18,90.39999842643738,-1.1500000953674316
snow,matched_feature_class_centered_shape,0.18,92.84999966621399,-3.600001335144043
snow,matched_feature_permuted_shape,0.18,88.16999793052673,1.080000400543213
snow,matched_feature_random_shape,0.18,88.95999789237976,0.29000043869018555
snow,matched_feature_center_shift,0.2,61.77999973297119,27.469998598098755
snow,matched_feature_shape_distortion,0.2,90.10999798774719,-0.8599996566772461
snow,matched_feature_class_centered_shape,0.2,93.2099997997284,-3.9600014686584473
snow,matched_feature_permuted_shape,0.2,87.8600001335144,1.389998197555542
snow,matched_feature_random_shape,0.2,88.95000219345093,0.29999613761901855
snow,matched_logit_bias,0.0,89.24999833106995,0.0
snow,matched_logit_residual,0.0,89.24999833106995,0.0
snow,matched_logit_bias,0.02,84.09000039100647,5.159997940063477
snow,matched_logit_residual,0.02,90.42999744415283,-1.1799991130828857
snow,matched_logit_bias,0.04,77.13000178337097,12.119996547698975
snow,matched_logit_residual,0.04,87.9800021648407,1.269996166229248
snow,matched_logit_bias,0.06,68.32000017166138,20.92999815940857
snow,matched_logit_residual,0.06,73.28000068664551,15.969997644424438
snow,matched_logit_bias,0.08,60.4200005531311,28.829997777938843
snow,matched_logit_residual,0.08,60.36999821662903,28.880000114440918
snow,matched_logit_bias,0.1,56.02999925613403,33.21999907493591
snow,matched_logit_residual,0.1,50.23000240325928,39.01999592781067
snow,matched_logit_bias,0.12,52.93999910354614,36.309999227523804
snow,matched_logit_residual,0.12,41.4900004863739,47.759997844696045
snow,matched_logit_bias,0.14,50.050002336502075,39.19999599456787
snow,matched_logit_residual,0.14,34.40999984741211,54.83999848365784
snow,matched_logit_bias,0.16,47.72000014781952,41.52999818325043
snow,matched_logit_residual,0.16,28.960001468658447,60.2899968624115
snow,matched_logit_bias,0.18,45.980000495910645,43.2699978351593
snow,matched_logit_residual,0.18,24.83000010251999,64.41999822854996
snow,matched_logit_bias,0.2,44.850000739097595,44.39999759197235
snow,matched_logit_residual,0.2,21.780000627040863,67.46999770402908
zoom_blur,matched_feature_center_shift,0.0,89.24999833106995,0.0
zoom_blur,matched_feature_shape_distortion,0.0,89.24999833106995,0.0
zoom_blur,matched_feature_class_centered_shape,0.0,89.24999833106995,0.0
zoom_blur,matched_feature_permuted_shape,0.0,89.24999833106995,0.0
zoom_blur,matched_feature_random_shape,0.0,89.24999833106995,0.0
zoom_blur,matched_feature_center_shift,0.02,87.52999901771545,1.7199993133544922
zoom_blur,matched_feature_shape_distortion,0.02,89.35999870300293,-0.1100003719329834
zoom_blur,matched_feature_class_centered_shape,0.02,89.60999846458435,-0.3600001335144043
zoom_blur,matched_feature_permuted_shape,0.02,89.1700029373169,0.07999539375305176
zoom_blur,matched_feature_random_shape,0.02,89.30000066757202,-0.050002336502075195
zoom_blur,matched_feature_center_shift,0.04,85.32999753952026,3.9200007915496826
zoom_blur,matched_feature_shape_distortion,0.04,89.49000239372253,-0.2400040626525879
zoom_blur,matched_feature_class_centered_shape,0.04,89.99000191688538,-0.7400035858154297
zoom_blur,matched_feature_permuted_shape,0.04,89.14999961853027,0.09999871253967285
zoom_blur,matched_feature_random_shape,0.04,89.32999968528748,-0.0800013542175293
zoom_blur,matched_feature_center_shift,0.06,82.92999863624573,6.319999694824219
zoom_blur,matched_feature_shape_distortion,0.06,89.66000080108643,-0.4100024700164795
zoom_blur,matched_feature_class_centered_shape,0.06,90.39000272750854,-1.1400043964385986
zoom_blur,matched_feature_permuted_shape,0.06,89.09000158309937,0.15999674797058105
zoom_blur,matched_feature_random_shape,0.06,89.28999900817871,-0.04000067710876465
zoom_blur,matched_feature_center_shift,0.08,80.11000156402588,9.139996767044067
zoom_blur,matched_feature_shape_distortion,0.08,89.95000123977661,-0.700002908706665
zoom_blur,matched_feature_class_centered_shape,0.08,90.89999794960022,-1.6499996185302734
zoom_blur,matched_feature_permuted_shape,0.08,89.03999924659729,0.20999908447265625
zoom_blur,matched_feature_random_shape,0.08,89.2300009727478,0.019997358322143555
zoom_blur,matched_feature_center_shift,0.1,77.02000141143799,12.229996919631958
zoom_blur,matched_feature_shape_distortion,0.1,90.1199996471405,-0.8700013160705566
zoom_blur,matched_feature_class_centered_shape,0.1,91.25999808311462,-2.0099997520446777
zoom_blur,matched_feature_permuted_shape,0.1,88.91000151634216,0.3399968147277832
zoom_blur,matched_feature_random_shape,0.1,89.20999765396118,0.04000067710876465
zoom_blur,matched_feature_center_shift,0.12,74.07000064849854,15.179997682571411
zoom_blur,matched_feature_shape_distortion,0.12,90.17999768257141,-0.9299993515014648
zoom_blur,matched_feature_class_centered_shape,0.12,91.56000018119812,-2.310001850128174
zoom_blur,matched_feature_permuted_shape,0.12,88.76000046730042,0.48999786376953125
zoom_blur,matched_feature_random_shape,0.12,89.12000060081482,0.12999773025512695
zoom_blur,matched_feature_center_shift,0.14,71.68999910354614,17.559999227523804
zoom_blur,matched_feature_shape_distortion,0.14,90.31999707221985,-1.0699987411499023
zoom_blur,matched_feature_class_centered_shape,0.14,92.00999736785889,-2.7599990367889404
zoom_blur,matched_feature_permuted_shape,0.14,88.58000040054321,0.6699979305267334
zoom_blur,matched_feature_random_shape,0.14,89.06000256538391,0.18999576568603516
zoom_blur,matched_feature_center_shift,0.16,69.31999921798706,19.929999113082886
zoom_blur,matched_feature_shape_distortion,0.16,90.49999713897705,-1.2499988079071045
zoom_blur,matched_feature_class_centered_shape,0.16,92.36000180244446,-3.1100034713745117
zoom_blur,matched_feature_permuted_shape,0.16,88.45999836921692,0.7899999618530273
zoom_blur,matched_feature_random_shape,0.16,89.06000256538391,0.18999576568603516
zoom_blur,matched_feature_center_shift,0.18,67.43000149726868,21.81999683380127
zoom_blur,matched_feature_shape_distortion,0.18,90.4699981212616,-1.2199997901916504
zoom_blur,matched_feature_class_centered_shape,0.18,92.53000020980835,-3.2800018787384033
zoom_blur,matched_feature_permuted_shape,0.18,88.19000124931335,1.0599970817565918
zoom_blur,matched_feature_random_shape,0.18,89.02000188827515,0.2299964427947998
zoom_blur,matched_feature_center_shift,0.2,65.85000157356262,23.399996757507324
zoom_blur,matched_feature_shape_distortion,0.2,90.49999713897705,-1.2499988079071045
zoom_blur,matched_feature_class_centered_shape,0.2,92.59999990463257,-3.350001573562622
zoom_blur,matched_feature_permuted_shape,0.2,87.73999810218811,1.510000228881836
zoom_blur,matched_feature_random_shape,0.2,89.01000022888184,0.23999810218811035
zoom_blur,matched_logit_bias,0.0,89.24999833106995,0.0
zoom_blur,matched_logit_residual,0.0,89.24999833106995,0.0
zoom_blur,matched_logit_bias,0.02,83.42999815940857,5.820000171661377
zoom_blur,matched_logit_residual,0.02,90.18999934196472,-0.9400010108947754
zoom_blur,matched_logit_bias,0.04,75.04000067710876,14.209997653961182
zoom_blur,matched_logit_residual,0.04,90.2999997138977,-1.0500013828277588
zoom_blur,matched_logit_bias,0.06,68.4499979019165,20.800000429153442
zoom_blur,matched_logit_residual,0.06,86.62999868392944,2.619999647140503
zoom_blur,matched_logit_bias,0.08,64.0999972820282,25.150001049041748
zoom_blur,matched_logit_residual,0.08,77.10999846458435,12.139999866485596
zoom_blur,matched_logit_bias,0.1,59.390002489089966,29.85999584197998
zoom_blur,matched_logit_residual,0.1,67.91999936103821,21.32999897003174
zoom_blur,matched_logit_bias,0.12,53.700000047683716,35.54999828338623
zoom_blur,matched_logit_residual,0.12,59.939998388290405,29.30999994277954
zoom_blur,matched_logit_bias,0.14,48.37000072002411,40.87999761104584
zoom_blur,matched_logit_residual,0.14,53.54999899864197,35.69999933242798
zoom_blur,matched_logit_bias,0.16,43.68000030517578,45.569998025894165
zoom_blur,matched_logit_residual,0.16,47.24000096321106,42.00999736785889
zoom_blur,matched_logit_bias,0.18,40.00000059604645,49.2499977350235
zoom_blur,matched_logit_residual,0.18,41.81999862194061,47.42999970912933
zoom_blur,matched_logit_bias,0.2,38.2999986410141,50.94999969005585
zoom_blur,matched_logit_residual,0.2,37.299999594688416,51.94999873638153
